date,total_withdrawals_cop,transaction_count,day_of_week,is_weekend,is_holiday,is_payday,is_month_end,days_to_payday,trend,special_event,lag_1,lag_7,lag_14,rolling_mean_7,rolling_mean_14,rolling_std_7,month
2024-07-15,119395927621,469595,0,0,0,1,0,0,0.0191780821917808,0,73892485744.0,113053846363.0,95823227693.0,103100490610.71428,103877719273.92857,25132817200.14433,7
2024-07-16,125725368308,441252,1,0,0,0,0,15,0.0205479452054794,0,119395927621.0,90670716980.0,106268544867.0,104006502219.0,105561483554.5,25660205831.466663,7
2024-07-17,135820499582,448876,2,0,0,0,0,14,0.021917808219178,0,125725368308.0,72411805932.0,121364343045.0,109014309551.57143,106951256657.42857,26041620585.034992,7
2024-07-18,98817448217,385345,3,0,0,0,0,13,0.0232876712328767,0,135820499582.0,122273142967.0,106506681208.0,118072694358.71428,107983839267.21428,21883952346.016357,7
2024-07-19,118485783810,488293,4,0,0,0,0,12,0.0246575342465753,0,98817448217.0,139545738627.0,96581641439.0,114721880823.0,107434608339.28572,22905491691.242798,7
2024-07-20,89096726633,377998,5,1,1,0,0,11,0.0260273972602739,0,118485783810.0,109855697662.0,111184679006.0,111713315849.14285,108999189937.21428,20341059070.73364,7
2024-07-21,85624200783,385667,6,1,0,0,0,10,0.0273972602739726,0,89096726633.0,73892485744.0,94855518302.0,108747748559.28572,107421479053.42857,22094680135.35649,7
2024-07-22,97336724335,401184,0,0,0,0,0,9,0.0287671232876712,0,85624200783.0,119395927621.0,113053846363.0,110423707850.57143,106762099230.64285,19275185172.995106,7
2024-07-23,111394695064,494135,1,0,0,0,0,8,0.0301369863013698,0,97336724335.0,125725368308.0,90670716980.0,107272393095.42857,105639447657.21428,19366850965.18276,7
2024-07-24,133755383166,430681,2,0,0,0,0,7,0.0315068493150684,0,111394695064.0,135820499582.0,72411805932.0,105225154060.57143,107119731806.07143,17783851586.523724,7
2024-07-25,119707142034,407628,3,0,0,0,0,6,0.0328767123287671,0,133755383166.0,98817448217.0,122273142967.0,104930137429.71428,111501415894.21428,17199233631.44553,7
2024-07-26,127328966806,440494,4,0,0,0,0,5,0.0342465753424657,0,119707142034.0,118485783810.0,139545738627.0,107914379403.57143,111318130113.28572,17764838021.629578,7
2024-07-27,117598635914,500000,5,1,0,0,0,4,0.0356164383561643,0,127328966806.0,89096726633.0,109855697662.0,109177691260.14285,110445503554.64285,18918847456.800053,7
2024-07-28,99708389033,407234,6,1,0,0,0,3,0.036986301369863,0,117598635914.0,85624200783.0,73892485744.0,113249392586.0,110998570572.64285,16828312656.848452,7
2024-07-29,120935751761,445595,0,0,0,0,0,2,0.0383561643835616,0,99708389033.0,97336724335.0,119395927621.0,115261419478.85715,112842563664.71428,13484697690.38615,7
2024-07-30,137192902773,506698,1,0,0,0,0,1,0.0397260273972602,0,120935751761.0,111394695064.0,125725368308.0,118632709111.14285,112952551103.28572,10972439907.64503,7
2024-07-31,168402868101,586538,2,0,0,1,1,0,0.0410958904109589,0,137192902773.0,133755383166.0,135820499582.0,122318167355.28572,113771660707.92857,12378612935.860043,7
2024-08-01,112404859417,431156,3,0,0,0,0,14,0.0424657534246575,0,168402868101.0,119707142034.0,98817448217.0,127267808060.28572,116098972745.0,21373182124.865757,8
2024-08-02,125853914750,453683,4,0,0,0,0,13,0.0438356164383561,0,112404859417.0,127328966806.0,118485783810.0,126224624829.28572,117069502116.42857,21973481888.0013,8
2024-08-03,126723948358,444534,5,1,0,0,0,12,0.0452054794520547,0,125853914750.0,117598635914.0,89096726633.0,126013903107.0,117595797183.57143,21968198480.779655,8
2024-08-04,96843525676,418325,6,1,0,0,0,11,0.0465753424657534,0,126723948358.0,99708389033.0,85624200783.0,127317519170.42857,120283455878.21428,21654106636.65078,8
2024-08-05,94406439077,475794,0,0,0,0,0,10,0.047945205479452,0,96843525676.0,120935751761.0,97336724335.0,126908252976.57143,121084836227.71428,22280895127.962685,8
2024-08-06,115809585818,445263,1,0,0,0,0,9,0.0493150684931506,0,94406439077.0,137192902773.0,111394695064.0,123118351164.57143,120875530137.85715,25491120584.7572,8
2024-08-07,76175699198,326410,2,0,1,0,0,8,0.0506849315068493,0,115809585818.0,168402868101.0,133755383166.0,120063591599.57143,121190879477.42857,24795118901.082806,8
2024-08-08,81459373419,396675,3,0,0,0,0,7,0.0520547945205479,0,76175699198.0,112404859417.0,119707142034.0,106888281756.28572,117078044908.28572,18543316174.196373,8
2024-08-09,149247277019,486655,4,0,0,0,0,6,0.0534246575342465,0,81459373419.0,125853914750.0,127328966806.0,102467498042.28572,114346061435.78572,20585273449.867382,8
2024-08-10,164770076332,514457,5,1,0,0,0,5,0.0547945205479452,0,149247277019.0,126723948358.0,117598635914.0,105809406937.85715,115911655022.42857,26159018990.4431,8
2024-08-11,108280392247,417926,6,1,0,0,0,4,0.0561643835616438,0,164770076332.0,96843525676.0,99708389033.0,111244568077.0,119281043623.71428,34004708751.35182,8
2024-08-12,106370138148,408187,0,0,0,0,0,3,0.0575342465753424,0,108280392247.0,94406439077.0,120935751761.0,112878406158.57143,119893329567.57143,33467973824.647606,8
2024-08-13,138379722802,461706,1,0,0,0,0,2,0.0589041095890411,0,106370138148.0,115809585818.0,137192902773.0,114587506025.85715,118852928595.21428,32663252694.998756,8
2024-08-14,112462755571,448382,2,0,0,0,0,1,0.0602739726027397,0,138379722802.0,76175699198.0,168402868101.0,117811811309.28572,118937701454.42857,33894767412.98833,8
2024-08-15,115884522753,465566,3,0,0,1,0,0,0.0616438356164383,0,112462755571.0,81459373419.0,112404859417.0,122995676505.42857,114941979130.85715,28867718143.365376,8
2024-08-16,119523650623,538288,4,0,0,0,0,15,0.0630136986301369,0,115884522753.0,149247277019.0,125853914750.0,127913554981.71428,115190526512.0,22934966890.02458,8
2024-08-17,137630502311,494507,5,1,0,0,0,14,0.0643835616438356,0,119523650623.0,164770076332.0,126723948358.0,123667322639.42857,114738364788.64285,20996529923.341427,8
2024-08-18,95514288545,425031,6,1,0,0,0,13,0.0657534246575342,0,137630502311.0,108280392247.0,96843525676.0,119790240636.42857,115517404356.71428,13199982855.753496,8
2024-08-19,75061297088,351315,0,0,1,0,0,12,0.0671232876712328,0,95514288545.0,106370138148.0,94406439077.0,117966511536.14285,115422458847.35715,15700321703.350636,8
2024-08-20,119759135139,466478,1,0,0,0,0,11,0.0684931506849315,0,75061297088.0,138379722802.0,115809585818.0,113493819956.14285,114040662991.0,22529045588.70428,8
2024-08-21,117122507163,471413,2,0,0,0,0,10,0.0698630136986301,0,119759135139.0,112462755571.0,76175699198.0,110833736004.28572,114322773656.78572,20065563611.56305,8
2024-08-22,111316827705,376226,3,0,0,0,0,9,0.0712328767123287,0,117122507163.0,115884522753.0,81459373419.0,111499414803.14285,117247545654.28572,20205420470.72725,8
2024-08-23,127905321279,451245,4,0,0,0,0,8,0.0726027397260273,0,111316827705.0,119523650623.0,149247277019.0,110846886939.14285,119380220960.42857,20113750339.907337,8
2024-08-24,124346210165,466686,5,1,0,0,0,7,0.073972602739726,0,127905321279.0,137630502311.0,164770076332.0,112044268461.42857,117855795550.42857,20948530628.45965,8
2024-08-25,87338317347,379521,6,1,0,0,0,6,0.0753424657534246,0,124346210165.0,95514288545.0,108280392247.0,110146512440.57143,114968376538.5,18728399444.957428,8
2024-08-26,109117555879,427932,0,0,0,0,0,5,0.0767123287671232,0,87338317347.0,75061297088.0,106370138148.0,108978516555.14285,113472514045.64285,20004499332.220768,8
2024-08-27,130893259407,518547,1,0,0,0,0,4,0.0780821917808219,0,109117555879.0,119759135139.0,138379722802.0,113843696382.42857,113668758169.28572,13447624904.826,8
2024-08-28,90391652737,413485,2,0,0,0,0,3,0.0794520547945205,0,130893259407.0,117122507163.0,112462755571.0,115434285563.57143,113134010783.92857,14849338141.980629,8
2024-08-29,113265942443,473238,3,0,0,0,0,2,0.0808219178082191,0,90391652737.0,111316827705.0,115884522753.0,111615592074.14285,111557503438.64285,17536739940.68619,8
2024-08-30,100840577936,431997,4,0,0,0,0,1,0.0821917808219178,0,113265942443.0,127905321279.0,119523650623.0,111894037036.71428,111370461987.92857,17546676615.506603,8
2024-08-31,120537325344,532144,5,1,0,1,1,0,0.0835616438356164,0,100840577936.0,124346210165.0,137630502311.0,108027645130.57143,110035956796.0,16373199605.329048,8
2024-09-01,103457153854,435541,6,1,0,0,0,14,0.084931506849315,0,120537325344.0,87338317347.0,95514288545.0,107483518727.57143,108815015584.07143,15793532491.487158,9
2024-09-02,129725949443,487750,0,0,0,0,0,13,0.0863013698630137,0,103457153854.0,109117555879.0,75061297088.0,109786209657.14285,109382363106.14285,13353400242.194267,9
2024-09-03,100507229987,493722,1,0,0,0,0,12,0.0876712328767123,0,129725949443.0,130893259407.0,119759135139.0,112730265880.57143,113286981131.5,15309875046.818174,9
2024-09-04,120934422785,487770,2,0,0,0,0,11,0.0890410958904109,0,100507229987.0,90391652737.0,117122507163.0,108389404534.85715,111911845049.21428,13502841526.573502,9
2024-09-05,116997585900,428069,3,0,0,0,0,10,0.0904109589041095,0,120934422785.0,113265942443.0,111316827705.0,112752657398.85715,112184124736.5,11504730621.091383,9
2024-09-06,131531202287,454457,4,0,0,0,0,9,0.0917808219178082,0,116997585900.0,100840577936.0,127905321279.0,113285749321.28572,112589893179.0,11618373433.504871,9
2024-09-07,160608170999,535766,5,1,0,0,0,8,0.0931506849315068,0,131531202287.0,120537325344.0,124346210165.0,117670124228.57143,112848884679.57143,11925984706.120592,9
2024-09-08,90960192335,403899,6,1,0,0,0,7,0.0945205479452054,0,160608170999.0,103457153854.0,87338317347.0,123394530750.71428,115439024739.14285,20246184312.406742,9
2024-09-09,90637689063,396425,0,0,0,0,0,6,0.0958904109589041,0,90960192335.0,129725949443.0,109117555879.0,121609250533.71428,115697730095.42857,22699576383.86904,9
2024-09-10,94580082509,418895,1,0,0,0,0,5,0.0972602739726027,0,90637689063.0,100507229987.0,130893259407.0,116025213336.57143,114377739608.57143,25055641835.919704,9
2024-09-11,110178391853,419799,2,0,0,0,0,4,0.0986301369863013,0,94580082509.0,120934422785.0,90391652737.0,115178477982.57143,111783941258.71428,25757776270.851433,9
2024-09-12,118663999919,464155,3,0,0,0,0,3,0.1,0,110178391853.0,116997585900.0,113265942443.0,113641902135.14285,113197279767.0,25677878721.78971,9
2024-09-13,143354678259,482807,4,0,0,0,0,2,0.1013698630136986,0,118663999919.0,131531202287.0,100840577936.0,113879961280.71428,113582855301.0,25721861264.395996,9
2024-09-14,160711341436,531063,5,1,0,0,0,1,0.1027397260273972,0,143354678259.0,160608170999.0,120537325344.0,115569029276.71428,116619576752.64285,27407136717.928333,9
2024-09-15,93040531121,421097,6,1,0,1,0,0,0.1041095890410958,0,160711341436.0,90960192335.0,103457153854.0,115583767910.57143,119489149330.64285,27435407165.031143,9
2024-09-16,106913645352,493167,0,0,0,0,0,14,0.1054794520547945,0,93040531121.0,90637689063.0,129725949443.0,115880959165.71428,118745104849.71428,27133829408.434433,9
2024-09-17,123830614189,495344,1,0,0,0,0,13,0.1068493150684931,0,106913645352.0,94580082509.0,100507229987.0,118206095778.42857,117115654557.5,25241547759.849827,9
2024-09-18,115850190018,447283,2,0,0,0,0,12,0.1082191780821917,0,123830614189.0,110178391853.0,120934422785.0,122384743161.28572,118781610571.92857,23000121182.899994,9
2024-09-19,111118592780,464987,3,0,0,0,0,11,0.1095890410958904,0,115850190018.0,118663999919.0,116997585900.0,123195000042.0,118418451088.57143,22594775227.91657,9
2024-09-20,108038709457,450670,4,0,0,0,0,10,0.110958904109589,0,111118592780.0,143354678259.0,131531202287.0,122117084736.42857,117998523008.57143,23022885519.997982,9
2024-09-21,134136143955,486213,5,1,0,0,0,9,0.1123287671232876,0,108038709457.0,160711341436.0,160608170999.0,117071946336.14285,116320487806.42857,21406038351.8833,9
2024-09-22,84730463430,401064,6,1,0,0,0,8,0.1136986301369863,0,134136143955.0,93040531121.0,90960192335.0,113275489553.14285,114429628731.85715,13135253547.175121,9
2024-09-23,95317077827,403883,0,0,0,0,0,7,0.1150684931506849,0,84730463430.0,106913645352.0,90637689063.0,112088337025.85715,113984648095.78572,15441874725.62044,9
2024-09-24,132902517265,492083,1,0,0,0,0,6,0.1164383561643835,0,95317077827.0,123830614189.0,94580082509.0,110431684522.28572,114318890150.35715,16663308939.219172,9
2024-09-25,106595108103,442986,2,0,0,0,0,5,0.1178082191780822,0,132902517265.0,115850190018.0,110178391853.0,111727670676.0,117056206918.64285,18164274166.55342,9
2024-09-26,113488320880,449494,3,0,0,0,0,4,0.1191780821917808,0,106595108103.0,111118592780.0,118663999919.0,110405516116.71428,116800258079.35715,18151017051.74504,9
2024-09-27,133919489405,502597,4,0,0,0,0,3,0.1205479452054794,0,113488320880.0,108038709457.0,143354678259.0,110744048702.42857,116430566719.42857,18188593022.258564,9
2024-09-28,121680250384,525602,5,1,0,0,0,2,0.121917808219178,0,133919489405.0,134136143955.0,160711341436.0,114441302980.71428,115756624658.42857,20079192645.263206,9
2024-09-29,93910013384,442534,6,1,0,0,0,1,0.1232876712328767,0,121680250384.0,84730463430.0,93040531121.0,112661889613.42857,112968689583.28572,18535530199.6686,9
2024-09-30,147336827520,491540,0,0,0,1,1,0,0.1246575342465753,0,93910013384.0,95317077827.0,106913645352.0,113973253892.57143,113030795459.21428,16435864434.584133,9
2024-10-01,104249172080,464575,1,0,0,0,0,14,0.1260273972602739,0,147336827520.0,132902517265.0,123830614189.0,121404646705.85715,115918165614.07143,18254322702.93775,10
2024-10-02,88025669185,465982,2,0,0,0,0,13,0.1273972602739726,0,104249172080.0,106595108103.0,115850190018.0,117311311679.42857,114519491177.71428,18457804694.453083,10
2024-10-03,70889825837,371560,3,0,0,0,0,12,0.1287671232876712,0,88025669185.0,113488320880.0,111118592780.0,114658534691.14285,112532025403.92857,21360768485.724857,10
2024-10-04,106013191141,408837,4,0,0,0,0,11,0.1301369863013698,0,70889825837.0,133919489405.0,108038709457.0,108573035399.28572,109658542050.85715,27057937667.103016,10
2024-10-05,117093391900,434336,5,1,0,0,0,10,0.1315068493150684,0,106013191141.0,121680250384.0,134136143955.0,104586421361.57143,109513862171.14285,24649713914.310028,10
2024-10-06,82467041341,370829,6,1,0,0,0,9,0.1328767123287671,0,117093391900.0,93910013384.0,84730463430.0,103931155863.85715,108296522738.64285,24175987010.66002,10
2024-10-07,134913988001,459914,0,0,0,0,0,8,0.1342465753424657,0,82467041341.0,147336827520.0,95317077827.0,102296445572.0,108134849732.28572,25326037521.09087,10
2024-10-08,75347064604,424726,1,0,0,0,0,7,0.1356164383561643,0,134913988001.0,104249172080.0,132902517265.0,100521754212.14285,110963200459.0,21839072100.422997,10
2024-10-09,116427515471,438243,2,0,0,0,0,6,0.136986301369863,0,75347064604.0,88025669185.0,106595108103.0,96392881715.57143,106852096697.5,23672095589.177536,10
2024-10-10,143719681860,491902,3,0,0,0,0,5,0.1383561643835616,0,116427515471.0,70889825837.0,113488320880.0,100450288327.85715,107554411509.5,24421121741.774475,10
2024-10-11,102356041057,457392,4,0,0,0,0,4,0.1397260273972602,0,143719681860.0,106013191141.0,133919489405.0,110854553474.0,109713794436.64285,25229035733.016018,10
2024-10-12,135704202625,528534,5,1,0,0,0,3,0.1410958904109589,0,102356041057.0,117093391900.0,121680250384.0,110332103462.0,107459262411.78572,25383395852.617367,10
2024-10-13,77094837441,375136,6,1,0,0,0,2,0.1424657534246575,0,135704202625.0,82467041341.0,93910013384.0,112990790708.42857,108460973286.14285,27124554618.58331,10
2024-10-14,80220584055,350430,0,0,1,0,0,1,0.1438356164383561,0,77094837441.0,134913988001.0,147336827520.0,112223333008.42857,107259889290.21428,28187308094.902836,10
2024-10-15,113256772171,450616,1,0,0,1,0,0,0.1452054794520547,0,80220584055.0,75347064604.0,104249172080.0,104409989587.57143,102465871899.85715,28428617607.73333,10
2024-10-16,142082587045,477541,2,0,0,0,0,15,0.1465753424657534,0,113256772171.0,116427515471.0,88025669185.0,109825662097.14285,103109271906.35715,25421195837.599827,10
2024-10-17,143242036950,476218,3,0,0,0,0,14,0.147945205479452,0,142082587045.0,143719681860.0,70889825837.0,113490672322.0,106970480324.92857,28226234328.975014,10
2024-10-18,99802303396,401193,4,0,0,0,0,13,0.1493150684931506,0,143242036950.0,102356041057.0,106013191141.0,113422437334.85715,112138495404.42857,28141428280.060307,10
2024-10-19,171389247941,517738,5,1,0,0,0,12,0.1506849315068493,0,99802303396.0,135704202625.0,117093391900.0,113057617669.0,111694860565.5,28324757080.64217,10
2024-10-20,95561471205,420524,6,1,0,0,0,11,0.1520547945205479,0,171389247941.0,77094837441.0,82467041341.0,118155481285.57143,115573135997.0,35406084618.11844,10
2024-10-21,132024709845,424659,0,0,0,0,0,10,0.1534246575342465,0,95561471205.0,80220584055.0,134913988001.0,120793571823.28572,116508452415.85715,32396864906.721447,10
2024-10-22,105305054507,406495,1,0,0,0,0,9,0.1547945205479452,0,132024709845.0,113256772171.0,75347064604.0,128194161221.85715,116302075404.71428,27061446116.19934,10
2024-10-23,119252382741,461473,2,0,0,0,0,8,0.1561643835616438,0,105305054507.0,142082587045.0,116427515471.0,127058201555.57143,118441931826.35715,27945434866.906906,10
2024-10-24,109215283943,423867,3,0,0,0,0,7,0.1575342465753424,0,119252382741.0,143242036950.0,143719681860.0,123796743797.85715,118643708059.92857,27222609722.11854,10
2024-10-25,174864703466,487556,4,0,0,0,0,6,0.1589041095890411,0,109215283943.0,99802303396.0,102356041057.0,118935779082.57143,116179108208.71428,26190073120.936375,10
2024-10-26,149272993292,501877,5,1,0,0,0,5,0.1602739726027397,0,174864703466.0,171389247941.0,135704202625.0,129658979092.57143,121358298380.78572,31813427830.9683,10
2024-10-27,98215280621,473559,6,1,0,0,0,4,0.1616438356164383,0,149272993292.0,95561471205.0,77094837441.0,126499514142.71428,122327497714.14285,27826797113.588776,10
2024-10-28,126725942165,441307,0,0,0,0,0,3,0.1630136986301369,0,98215280621.0,132024709845.0,80220584055.0,126878629773.57143,123836100798.42857,27349019147.765575,10
2024-10-29,107057326727,426511,1,0,0,0,0,2,0.1643835616438356,0,126725942165.0,105305054507.0,113256772171.0,126121662962.14285,127157912092.0,27256018516.400234,10
2024-10-30,122440684317,510511,2,0,0,0,0,1,0.1657534246575342,0,107057326727.0,119252382741.0,142082587045.0,126371987565.0,126715094560.28572,27040162610.03374,10
2024-10-31,140119058796,511045,3,0,0,1,1,0,0.1671232876712328,0,122440684317.0,109215283943.0,143242036950.0,126827459218.71428,125312101508.28572,26926865627.872013,10
2024-11-01,147659189436,565749,4,0,0,0,0,14,0.1684931506849315,0,140119058796.0,174864703466.0,99802303396.0,131242284197.71428,125089031640.14285,26078022993.39061,11
2024-11-02,157269646345,563043,5,1,0,0,0,13,0.1698630136986301,0,147659189436.0,149272993292.0,171389247941.0,127355782193.42857,128507380643.0,19753669403.608643,11
2024-11-03,97642950090,429446,6,1,0,0,0,12,0.1712328767123287,0,157269646345.0,98215280621.0,95561471205.0,128498161201.0,127498837671.85715,21395422590.681767,11
2024-11-04,110037042576,410497,0,0,1,0,0,11,0.1726027397260274,0,97642950090.0,126725942165.0,132024709845.0,128416399696.57143,127647514735.07143,21531097854.342857,11
2024-11-05,116491656599,421743,1,0,0,0,0,10,0.173972602739726,0,110037042576.0,107057326727.0,105305054507.0,126032271183.85715,126076967073.0,22644659742.137947,11
2024-11-06,85542880230,436680,2,0,0,0,0,9,0.1753424657534246,0,116491656599.0,122440684317.0,119252382741.0,127380032594.14285,126876010079.57143,21582953430.913197,11
2024-11-07,110254147474,412288,3,0,0,0,0,8,0.1767123287671232,0,85542880230.0,140119058796.0,109215283943.0,122108917724.57143,124468188471.64285,26852687219.860256,11
2024-11-08,106989942005,465689,4,0,0,0,0,7,0.1780821917808219,0,110254147474.0,147659189436.0,174864703466.0,117842501821.42857,124542393009.57143,25868755701.4146,11
2024-11-09,99276929702,443485,5,1,0,0,0,6,0.1794520547945205,0,106989942005.0,157269646345.0,149272993292.0,112032609331.28572,119694195762.35715,22389038866.790443,11
2024-11-10,99825665573,442193,6,1,0,0,0,5,0.1808219178082191,0,99276929702.0,97642950090.0,98215280621.0,103747935525.14285,116123048363.07143,10356008503.741615,11
2024-11-11,93146140989,357352,0,0,1,0,0,4,0.1821917808219178,0,99825665573.0,110037042576.0,126725942165.0,104059752022.71428,116238075859.64285,10172792311.639284,11
2024-11-12,99404667192,411922,1,0,0,0,0,3,0.1835616438356164,0,93146140989.0,116491656599.0,107057326727.0,101646766081.71428,113839518632.78572,10516143271.743773,11
2024-11-13,118973781313,423234,2,0,0,0,0,2,0.184931506849315,0,99404667192.0,85542880230.0,122440684317.0,99205767595.0,113292900094.57143,8230861979.435693,11
2024-11-14,96733907433,464935,3,0,0,0,0,1,0.1863013698630137,0,118973781313.0,110254147474.0,140119058796.0,103981610606.85715,113045264165.71428,8669118308.072489,11
2024-11-15,137222115965,553077,4,0,0,1,0,0,0.1876712328767123,0,96733907433.0,106989942005.0,147659189436.0,102050147743.85715,109946324782.64285,8543928784.472064,11
2024-11-16,163454287299,648358,5,1,0,0,0,14,0.1890410958904109,0,137222115965.0,99276929702.0,157269646345.0,106369029738.14285,109200819534.71428,15916913980.037535,11
2024-11-17,120181359596,530769,6,1,0,0,0,13,0.1904109589041095,0,163454287299.0,99825665573.0,97642950090.0,115537223680.57143,109642579602.85715,26268254575.28642,11
2024-11-18,126959263986,475307,0,0,0,0,0,12,0.1917808219178082,0,120181359596.0,93146140989.0,110037042576.0,118445179969.57143,111252465996.14285,25349716179.78714,11
2024-11-19,45341773194,195648,1,0,0,0,0,11,0.1931506849315068,0,126959263986.0,99404667192.0,116491656599.0,123275626112.0,112461196096.85715,22820913092.047024,11
2024-11-20,105302191681,378420,2,0,0,0,0,10,0.1945205479452054,0,45341773194.0,118973781313.0,85542880230.0,115552355540.85715,107379061567.92857,36993433738.99199,11
2024-11-21,116505795236,465521,3,0,0,0,0,9,0.1958904109589041,0,105302191681.0,96733907433.0,110254147474.0,113599271307.71428,108790440957.28572,37143287364.597755,11
2024-11-22,91288045404,452054,4,0,0,0,0,8,0.1972602739726027,0,116505795236.0,137222115965.0,106989942005.0,116423826708.14285,109236987226.0,36391169642.609436,11
2024-11-23,102299128504,492450,5,1,0,0,0,7,0.1986301369863013,0,91288045404.0,163454287299.0,99276929702.0,109861816628.0,108115423183.07143,36156424508.55633,11
2024-11-24,90959431474,399432,6,1,0,0,0,6,0.2,0,102299128504.0,120181359596.0,99825665573.0,101125365371.57143,108331294526.07143,27369339520.1176,11
2024-11-25,114611740180,454804,0,0,0,0,0,5,0.2013698630136986,0,90959431474.0,126959263986.0,93146140989.0,96950804211.28572,107697992090.42857,26181135207.6465,11
2024-11-26,137124802655,525836,1,0,0,0,0,4,0.2027397260273972,0,114611740180.0,45341773194.0,99404667192.0,95186872239.0,109231249175.5,24160338897.27412,11
2024-11-27,122004392481,477405,2,0,0,0,0,3,0.2041095890410958,0,137124802655.0,105302191681.0,118973781313.0,108298733590.57143,111925544565.71428,16192290376.587606,11
2024-11-28,115096421485,450448,3,0,0,0,0,2,0.2054794520547945,0,122004392481.0,116505795236.0,96733907433.0,110684762276.28572,112142016792.0,16892579721.187222,11
2024-11-29,129570259182,444617,4,0,0,0,0,1,0.2068493150684931,0,115096421485.0,91288045404.0,137222115965.0,110483423169.0,113453624938.57143,16819879349.660875,11
2024-11-30,112221427998,476076,5,1,0,1,1,0,0.2082191780821917,0,129570259182.0,102299128504.0,163454287299.0,115952310851.57143,112907063739.78572,15726483512.835472,11
2024-12-01,102364847629,430983,6,1,0,0,0,14,0.2095890410958904,0,112221427998.0,90959431474.0,120181359596.0,117369782207.85715,109247573789.71428,14704756744.03082,12
2024-12-02,131949529068,484111,0,0,0,0,0,13,0.210958904109589,0,102364847629.0,114611740180.0,126959263986.0,118999127372.85715,107974965792.07143,11593369524.36026,12
2024-12-03,186983705809,564737,1,0,0,0,0,12,0.2123287671232876,0,131949529068.0,137124802655.0,45341773194.0,121475954356.85715,108331413297.92857,12328546385.624771,12
2024-12-04,172740505218,483626,2,0,0,0,0,11,0.2136986301369863,0,186983705809.0,122004392481.0,105302191681.0,128598654807.42857,118448694199.0,27698397520.411575,12
2024-12-05,144396278435,505072,3,0,0,0,0,10,0.2150684931506849,0,172740505218.0,115096421485.0,116505795236.0,135846670912.71428,123265716594.5,31990857680.99639,12
2024-12-06,105523439065,475518,4,0,0,0,0,9,0.2164383561643835,0,144396278435.0,129570259182.0,91288045404.0,140032364762.7143,125257893965.85715,30714742815.74965,12
2024-12-07,122333287618,466530,5,1,0,0,0,8,0.2178082191780821,0,105523439065.0,112221427998.0,102299128504.0,136597104746.0,126274707798.78572,33314600846.518654,12
2024-12-08,78538172320,315229,6,1,1,0,0,7,0.2191780821917808,0,122333287618.0,102364847629.0,90959431474.0,138041656120.2857,127705719164.07143,32284804317.213364,12
2024-12-09,128864844224,439537,0,0,0,0,0,6,0.2205479452054794,0,78538172320.0,131949529068.0,114611740180.0,134637845361.85715,126818486367.35715,37506843742.83619,12
2024-12-10,177886167643,583617,1,0,0,0,0,5,0.2219178082191781,0,128864844224.0,186983705809.0,137124802655.0,134197176098.42857,127836565227.64285,37561773869.0568,12
2024-12-11,139151300565,445025,2,0,0,0,0,4,0.2232876712328767,0,177886167643.0,172740505218.0,122004392481.0,132897527789.0,130748091298.21428,35533570512.826645,12
2024-12-12,145827777885,501687,3,0,0,0,0,3,0.2246575342465753,0,139151300565.0,144396278435.0,115096421485.0,128099069981.42857,131972870447.07143,31268403227.936207,12
2024-12-13,164443443536,459851,4,0,0,0,0,2,0.2260273972602739,0,145827777885.0,105523439065.0,129570259182.0,128303569902.85715,134167967332.78572,31397169674.921375,12
2024-12-14,172609494098,569000,5,1,0,0,0,1,0.2273972602739726,0,164443443536.0,122333287618.0,112221427998.0,136720713398.71428,136658909072.35715,32160823876.251236,12
2024-12-15,118256201601,475759,6,1,0,1,0,0,0.2287671232876712,0,172609494098.0,78538172320.0,102364847629.0,143903028610.14285,140972342365.2143,33975036304.388615,12
2024-12-16,167505699099,503337,0,0,0,0,0,15,0.2301369863013698,0,118256201601.0,128864844224.0,131949529068.0,149577032793.14285,142107439077.5,22677645324.68083,12
2024-12-17,128459679146,490576,1,0,0,0,0,14,0.2315068493150684,0,167505699099.0,177886167643.0,186983705809.0,155097154918.14285,144647165508.2857,21466227999.234657,12
2024-12-18,148346307604,454622,2,0,0,0,0,13,0.2328767123287671,0,128459679146.0,139151300565.0,172740505218.0,148036227990.0,140466877889.5,20840716790.44229,12
2024-12-19,149342024744,487779,3,0,0,0,0,12,0.2342465753424657,0,148346307604.0,145827777885.0,144396278435.0,149349800424.14285,138724435202.7857,20473921478.626823,12
2024-12-20,150792351161,482569,4,0,0,0,0,11,0.2356164383561644,0,149342024744.0,164443443536.0,105523439065.0,149851835689.7143,139077702796.2857,20416169678.78521,12
2024-12-21,184849437859,469547,5,1,0,0,0,10,0.236986301369863,0,150792351161.0,172609494098.0,122333287618.0,147901679636.14285,142311196517.42856,19417636723.250088,12
2024-12-22,99168492789,385938,6,1,0,0,0,9,0.2383561643835616,0,184849437859.0,118256201601.0,78538172320.0,149650243030.57144,146776635820.35715,22344000388.245407,12
2024-12-23,189722953516,482598,0,0,0,0,0,8,0.2397260273972602,0,99168492789.0,167505699099.0,128864844224.0,146923427486.0,148250230139.57144,27405287595.55778,12
2024-12-24,176845093816,565333,1,0,0,0,0,7,0.2410958904109589,0,189722953516.0,128459679146.0,177886167643.0,150097320974.14285,152597237946.14285,31208847713.68052,12
2024-12-25,65120544110,246320,2,0,1,0,0,6,0.2424657534246575,0,176845093816.0,148346307604.0,139151300565.0,157009523069.85715,152522875529.92856,30975148902.323902,12
2024-12-26,142467022416,466399,3,0,0,0,0,5,0.2438356164383561,0,65120544110.0,149342024744.0,145827777885.0,145120128285.0,147234964354.57144,46789935332.91947,12
2024-12-27,143958034759,518846,4,0,0,0,0,4,0.2452054794520548,0,142467022416.0,150792351161.0,164443443536.0,144137985095.2857,146994910392.5,46758690128.28633,12
2024-12-28,178644362132,592914,5,1,0,0,0,3,0.2465753424657534,0,143958034759.0,184849437859.0,172609494098.0,143161654180.7143,145531666908.42856,46667850916.66848,12
2024-12-29,130261133866,447057,6,1,0,0,0,2,0.247945205479452,0,178644362132.0,99168492789.0,118256201601.0,142275214791.14285,145962728910.85715,45794797170.07777,12
2024-12-30,168865191742,501468,0,0,0,0,0,1,0.2493150684931507,0,130261133866.0,189722953516.0,167505699099.0,146717020659.2857,146820224072.64285,42290704002.5846,12
2024-12-31,182601793260,612807,1,0,0,1,1,0,0.2506849315068493,0,168865191742.0,176845093816.0,128459679146.0,143737340405.85715,146917330690.0,39390996498.24735,12
2025-01-01,67922376388,242245,2,0,1,0,0,14,0.2520547945205479,0,182601793260.0,65120544110.0,148346307604.0,144559726040.7143,150784624555.2857,40248171311.68351,1
2025-01-02,141413760564,510517,3,0,0,0,0,13,0.2534246575342466,0,67922376388.0,142467022416.0,149342024744.0,144959987794.7143,145040058039.85715,39329950490.004005,1
2025-01-03,141066883433,470375,4,0,0,0,0,12,0.2547945205479452,0,141413760564.0,143958034759.0,150792351161.0,144809521815.85715,144473753455.57144,39343090042.16165,1
2025-01-04,122130985316,431869,5,1,0,0,0,11,0.2561643835616438,0,141066883433.0,178644362132.0,184849437859.0,144396500197.85715,143779077189.2857,39368685966.24338,1
2025-01-05,91380064638,351672,6,1,0,0,0,10,0.2575342465753424,0,122130985316.0,130261133866.0,99168492789.0,136323160652.71428,139299187721.92856,36891611590.053116,1
2025-01-06,78815876519,401576,0,0,1,0,0,9,0.2589041095890411,0,91380064638.0,168865191742.0,189722953516.0,130768722191.57143,138742871425.42856,40688076137.37034,1
2025-01-07,130768528645,525833,1,0,0,0,0,8,0.2602739726027397,0,78815876519.0,182601793260.0,176845093816.0,117904534302.57143,130820937354.21428,40870655955.77,1
2025-01-08,98847531449,439410,2,0,0,0,0,7,0.2616438356164383,0,130768528645.0,67922376388.0,65120544110.0,110499782214.71428,127529754127.71428,30600647239.855885,1
2025-01-09,103430202708,418602,3,0,0,0,0,6,0.2630136986301369,0,98847531449.0,141413760564.0,142467022416.0,114917661509.14285,129938824651.92857,25181717997.196484,1
2025-01-10,125617017192,526378,4,0,0,0,0,5,0.2643835616438356,0,103430202708.0,141066883433.0,143958034759.0,109491438958.28572,127150480387.07143,22466733682.362152,1
2025-01-11,114664653308,439310,5,1,0,0,0,4,0.2657534246575342,0,125617017192.0,122130985316.0,178644362132.0,107284315209.57143,125840407703.71428,19396952282.192947,1
2025-01-12,101639723848,370711,6,1,0,0,0,3,0.2671232876712329,0,114664653308.0,91380064638.0,130261133866.0,106217696351.28572,121270428502.0,18634790910.65089,1
2025-01-13,115592670970,464784,0,0,0,0,0,2,0.2684931506849315,0,101639723848.0,78815876519.0,168865191742.0,107683361952.71428,119226042072.14285,17650769017.700638,1
2025-01-14,119971752424,441371,1,0,0,0,0,1,0.2698630136986301,0,115592670970.0,130768528645.0,182601793260.0,112937189731.42857,115420862017.0,12283487500.596113,1
2025-01-15,116292695179,475708,2,0,0,1,0,0,0.2712328767123287,0,119971752424.0,98847531449.0,67922376388.0,111394793128.42857,110947287671.57143,10166775176.37931,1
2025-01-16,114184483450,463790,3,0,0,0,0,15,0.2726027397260274,0,116292695179.0,103430202708.0,141413760564.0,113886959375.57143,114402310442.35715,8595147134.123644,1
2025-01-17,123742180931,481860,4,0,0,0,0,14,0.273972602739726,0,114184483450.0,125617017192.0,141066883433.0,115423285195.85715,112457362077.07143,7274178154.39119,1
2025-01-18,155340858276,552639,5,1,0,0,0,13,0.2753424657534246,0,123742180931.0,114664653308.0,122130985316.0,115155451444.28572,111219883326.92857,6858956635.23928,1
2025-01-19,104333513168,408614,6,1,0,0,0,12,0.2767123287671232,0,155340858276.0,101639723848.0,91380064638.0,120966337868.28572,113592017109.78572,16635969809.101257,1
2025-01-20,142299757450,467266,0,0,0,0,0,11,0.2780821917808219,0,104333513168.0,115592670970.0,78815876519.0,121351164914.0,114517263433.35715,16138097543.6569,1
2025-01-21,100917694845,375158,1,0,0,0,0,10,0.2794520547945205,0,142299757450.0,119971752424.0,130768528645.0,125166462982.57143,119051826357.0,17637162164.2271,1
2025-01-22,121191924199,449384,2,0,0,0,0,9,0.2808219178082192,0,100917694845.0,116292695179.0,98847531449.0,122444454757.0,116919623942.71428,19897945338.59079,1
2025-01-23,85278896536,404900,3,0,0,0,0,8,0.2821917808219178,0,121191924199.0,114184483450.0,103430202708.0,123144344617.0,118515651996.28572,19730961871.998596,1
2025-01-24,106442254400,418556,4,0,0,0,0,7,0.2835616438356164,0,85278896536.0,123742180931.0,125617017192.0,119014975057.85715,117219130126.85715,24392677637.34552,1
2025-01-25,135013278210,454128,5,1,0,0,0,6,0.284931506849315,0,106442254400.0,155340858276.0,114664653308.0,116543556982.0,115849504213.14285,24708257095.387012,1
2025-01-26,97882065648,395201,6,1,0,0,0,5,0.2863013698630137,0,135013278210.0,104333513168.0,101639723848.0,113639616972.57143,117302977420.42857,20165390126.173096,1
2025-01-27,125503906523,480606,0,0,0,0,0,4,0.2876712328767123,0,97882065648.0,142299757450.0,115592670970.0,112717981612.57143,117034573263.28572,20799073405.691193,1
2025-01-28,117049724522,407268,1,0,0,0,0,3,0.2890410958904109,0,125503906523.0,100917694845.0,119971752424.0,110318574337.28572,117742518659.92857,17529532482.938473,1
2025-01-29,121538782508,455001,2,0,0,0,0,2,0.2904109589041095,0,117049724522.0,121191924199.0,116292695179.0,112623150005.42857,117533802381.21428,17143810442.507126,1
2025-01-30,128574024523,459191,3,0,0,0,0,1,0.2917808219178082,0,121538782508.0,85278896536.0,114184483450.0,112672701192.42857,117908522904.71428,17173180851.894516,1
2025-01-31,136833636202,513716,4,0,0,1,1,0,0.2931506849315068,0,128574024523.0,106442254400.0,123742180931.0,118857719476.28572,118936347267.07143,12936764377.402187,1
2025-02-01,163029374430,617353,5,1,0,0,0,14,0.2945205479452055,0,136833636202.0,135013278210.0,155340858276.0,123199345448.0,119871451215.0,13173211655.0978,2
2025-02-02,117098843433,485887,6,1,0,0,0,13,0.2958904109589041,0,163029374430.0,97882065648.0,104333513168.0,127201644908.0,120420630940.28572,19899474140.829758,2
2025-02-03,92750328020,544043,0,0,0,0,0,12,0.2972602739726027,0,117098843433.0,125503906523.0,142299757450.0,129946898877.28572,121332440244.92857,16153474139.525934,2
2025-02-04,139927439811,498762,1,0,0,0,0,11,0.2986301369863013,0,92750328020.0,117049724522.0,100917694845.0,125267816234.0,117793195285.64285,21510448478.43312,2
2025-02-05,68116834716,465169,2,0,0,0,0,10,0.3,0,139927439811.0,121538782508.0,121191924199.0,128536061275.28572,120579605640.35715,21789882648.235405,2
2025-02-06,94616032984,472021,3,0,0,0,0,9,0.3013698630136986,0,68116834716.0,128574024523.0,85278896536.0,120904354447.85715,116788527820.14285,31734876448.264503,2
2025-02-07,147995793793,528161,4,0,0,0,0,8,0.3027397260273972,0,94616032984.0,136833636202.0,106442254400.0,116053212799.42857,117455466137.85715,32939670303.939503,2
2025-02-08,160884914173,550754,5,1,0,0,0,7,0.3041095890410959,0,147995793793.0,163029374430.0,135013278210.0,117647806741.0,120423576094.5,34353152822.957073,2
2025-02-09,80714212468,404255,6,1,0,0,0,6,0.3054794520547945,0,160884914173.0,117098843433.0,97882065648.0,117341455275.71428,122271550091.85715,33887407857.73211,2
2025-02-10,118539032951,492138,0,0,0,0,0,5,0.3068493150684931,0,80714212468.0,92750328020.0,125503906523.0,112143650852.14285,121045274864.71428,36611733836.99741,2
2025-02-11,162331901625,518915,1,0,0,0,0,4,0.3082191780821918,0,118539032951.0,139927439811.0,117049724522.0,115827751556.57143,120547783895.28572,35619063442.26108,2
2025-02-12,150362590460,611908,2,0,0,0,0,3,0.3095890410958904,0,162331901625.0,68116834716.0,121538782508.0,119028388958.57143,123782225116.92857,38992389266.35904,2
2025-02-13,181843994873,566077,3,0,0,0,0,2,0.310958904109589,0,150362590460.0,94616032984.0,128574024523.0,130777782636.28572,125841068542.07143,33030154379.435543,2
2025-02-14,127678156721,479712,4,0,0,0,0,1,0.3123287671232876,0,181843994873.0,147995793793.0,136833636202.0,143238920049.0,129646066424.21428,33563553807.01114,2
2025-02-15,163352623039,562764,5,1,0,1,0,0,0.3136986301369863,0,127678156721.0,160884914173.0,163029374430.0,140336400467.2857,128992103604.14285,33959804752.61605,2
2025-02-16,117183735021,422312,6,1,0,0,0,12,0.3150684931506849,0,163352623039.0,80714212468.0,117098843433.0,140688930305.2857,129015192790.5,34220474324.505455,2
2025-02-17,124495942380,464655,0,0,0,0,0,11,0.3164383561643835,0,117183735021.0,118539032951.0,92750328020.0,145898862098.57144,129021256475.35715,25138844042.04101,2
2025-02-18,124430486712,525679,1,0,0,0,0,10,0.3178082191780822,0,124495942380.0,162331901625.0,139927439811.0,146749849159.85715,131288800358.21428,24139263822.19899,2
2025-02-19,143349509897,555943,2,0,0,0,0,9,0.3191780821917808,0,124430486712.0,150362590460.0,68116834716.0,141335361315.14285,130181875136.85715,24311729603.81741,2
2025-02-20,114825659214,454891,3,0,0,0,0,8,0.3205479452054794,0,143349509897.0,181843994873.0,94616032984.0,140333492663.2857,135555637649.78572,24020480569.997665,2
2025-02-21,109613304643,491609,4,0,0,0,0,7,0.3219178082191781,0,114825659214.0,127678156721.0,147995793793.0,130759444712.0,136999182380.5,17067473623.049742,2
2025-02-22,118742618035,442006,5,1,0,0,0,6,0.3232876712328767,0,109613304643.0,163352623039.0,160884914173.0,128178751558.0,134257576012.64285,18880488161.45724,2
2025-02-23,94584551637,446098,6,1,0,0,0,5,0.3246575342465753,0,118742618035.0,117183735021.0,80714212468.0,121805893700.28572,131247412002.78572,10850369880.554976,2
2025-02-24,130952149557,446168,0,0,0,0,0,4,0.3260273972602739,0,94584551637.0,124495942380.0,118539032951.0,118577438931.14285,132238150514.85715,15016989438.434006,2
2025-02-25,132430478293,489378,1,0,0,0,0,3,0.3273972602739726,0,130952149557.0,124430486712.0,162331901625.0,119499754242.14285,133124801701.0,15626952955.462683,2
2025-02-26,117404067018,464380,2,0,0,0,0,2,0.3287671232876712,0,132430478293.0,143349509897.0,150362590460.0,120642610182.28572,130988985748.71428,16324616462.69286,2
2025-02-27,121640129732,485259,3,0,0,0,0,1,0.3301369863013698,0,117404067018.0,114825659214.0,181843994873.0,116936118342.42857,128634805502.85715,12894940291.864443,2
2025-02-28,121212596306,442053,4,0,0,1,1,0,0.3315068493150685,0,121640129732.0,109613304643.0,127678156721.0,117909614130.71428,124334529421.35715,12966088705.133057,2
2025-03-01,149653844100,501967,5,1,0,0,0,14,0.3328767123287671,0,121212596306.0,118742618035.0,163352623039.0,119566655796.85715,123872703677.42857,12460451893.940659,3
2025-03-02,115713659514,564030,6,1,0,0,0,13,0.3342465753424657,0,149653844100.0,94584551637.0,117183735021.0,123982545234.71428,122894219467.5,16830708409.884874,3
2025-03-03,101526374609,438485,0,0,0,0,0,12,0.3356164383561644,0,115713659514.0,130952149557.0,124495942380.0,127000989217.14285,122789214074.14285,11832102436.711346,3
2025-03-04,142327875670,465590,1,0,0,0,0,11,0.336986301369863,0,101526374609.0,132430478293.0,124430486712.0,122797307081.71428,121148530661.92857,14997997673.962355,3
2025-03-05,147149060165,590625,2,0,0,0,0,10,0.3383561643835616,0,142327875670.0,117404067018.0,143349509897.0,124211220992.71428,122426915587.5,16453422436.94218,3
2025-03-06,130995891716,620636,3,0,0,0,0,9,0.3397260273972602,0,147149060165.0,121640129732.0,114825659214.0,128460505728.0,122698312035.21428,18155361167.15154,3
2025-03-07,133038307950,472240,4,0,0,0,0,8,0.3410958904109589,0,130995891716.0,121212596306.0,109613304643.0,129797043154.28572,123853328642.5,17912328910.54176,3
2025-03-08,157116046529,535349,5,1,0,0,0,7,0.3424657534246575,0,133038307950.0,149653844100.0,118742618035.0,131486430532.0,125526543164.42857,17521149238.361485,3
2025-03-09,89885262302,471593,6,1,0,0,0,6,0.3438356164383561,0,157116046529.0,115713659514.0,94584551637.0,132552459450.42857,128267502342.57143,18977229340.343906,3
2025-03-10,156898870513,576142,0,0,0,0,0,5,0.3452054794520548,0,89885262302.0,101526374609.0,130952149557.0,128862688420.14285,127931838818.64285,24503248281.361637,3
2025-03-11,139212369511,473190,1,0,0,0,0,4,0.3465753424657534,0,156898870513.0,142327875670.0,132430478293.0,136773044977.85715,129785176029.78572,23105527208.511753,3
2025-03-12,136682962742,498268,2,0,0,0,0,3,0.347945205479452,0,139212369511.0,147149060165.0,117404067018.0,136327972669.42857,130269596831.07143,23010504340.920662,3
2025-03-13,145012506476,529205,3,0,0,0,0,2,0.3493150684931507,0,136682962742.0,130995891716.0,121640129732.0,134832815894.71428,131646660811.35715,22525102615.523445,3
2025-03-14,122837538223,551461,4,0,0,0,0,1,0.3506849315068493,0,145012506476.0,133038307950.0,121212596306.0,136835189431.85715,133316116293.07143,22749062624.428177,3
2025-03-15,165042709202,570052,5,1,0,1,0,0,0.3520547945205479,0,122837538223.0,157116046529.0,149653844100.0,135377936613.71428,133432183572.85715,23351559304.41828,3
2025-03-16,110598777208,490761,6,1,0,0,0,15,0.3534246575342465,0,165042709202.0,89885262302.0,115713659514.0,136510316995.57143,134531388223.0,24732735542.21794,3
2025-03-17,109826454087,439190,0,0,0,0,0,14,0.3547945205479452,0,110598777208.0,156898870513.0,101526374609.0,139469390553.57144,134166039486.85715,18737078210.24278,3
2025-03-18,152774099547,510870,1,0,0,0,0,13,0.3561643835616438,0,109826454087.0,139212369511.0,142327875670.0,132744759635.57143,134758902306.71428,19852963183.3737,3
2025-03-19,154782436579,499930,2,0,0,0,0,12,0.3575342465753424,0,152774099547.0,136682962742.0,147149060165.0,134682149640.71428,135505061155.07143,21204995490.547977,3
2025-03-20,157375275183,507608,3,0,0,0,0,11,0.3589041095890411,0,154782436579.0,145012506476.0,130995891716.0,137267788760.28572,136050302327.5,22550427109.27184,3
2025-03-21,157447448495,506838,4,0,0,0,0,10,0.3602739726027397,0,157375275183.0,122837538223.0,133038307950.0,139033898575.57144,137934544003.7143,23712257475.299896,3
2025-03-22,160544192696,583320,5,1,0,0,0,9,0.3616438356164383,0,157447448495.0,165042709202.0,157116046529.0,143978171471.57144,139678054042.64285,23378205014.227783,3
2025-03-23,123171880270,504524,6,1,0,0,0,8,0.363013698630137,0,160544192696.0,110598777208.0,89885262302.0,143335526256.42856,139922921626.0,22756208593.946903,3
2025-03-24,118664044002,408728,0,0,1,0,0,7,0.3643835616438356,0,123171880270.0,109826454087.0,156898870513.0,145131683836.7143,142300537195.14285,20080524496.225353,3
2025-03-25,148965430634,541437,1,0,0,0,0,6,0.3657534246575342,0,118664044002.0,152774099547.0,139212369511.0,146394196681.7143,139569478158.64285,17617623393.5159,3
2025-03-26,138389119304,517383,2,0,0,0,0,5,0.3671232876712328,0,148965430634.0,154782436579.0,136682962742.0,145850101122.7143,140266125381.7143,17445724059.87684,3
2025-03-27,140338527357,499852,3,0,0,0,0,4,0.3684931506849315,0,138389119304.0,157375275183.0,145012506476.0,143508198654.85715,140387993707.57144,17144522014.592463,3
2025-03-28,133810035842,501495,4,0,0,0,0,3,0.3698630136986301,0,140338527357.0,157447448495.0,122837538223.0,141074377536.85715,140054138056.2143,16020270590.261599,3
2025-03-29,147467750437,578556,5,1,0,0,0,2,0.3712328767123287,0,133810035842.0,160544192696.0,165042709202.0,137697604300.7143,140837887886.14285,14403526442.92449,3
2025-03-30,111956507755,502225,6,1,0,0,0,1,0.3726027397260274,0,147467750437.0,123171880270.0,110598777208.0,135829541120.85715,139582533688.64285,11502398140.281876,3
2025-03-31,193175982009,674182,0,0,0,1,1,0,0.373972602739726,0,111956507755.0,118664044002.0,109826454087.0,134227345047.28572,139679514442.0,14056831648.289936,3
2025-04-01,171835085849,632422,1,0,0,0,0,14,0.3753424657534246,0,193175982009.0,148965430634.0,152774099547.0,144871907619.7143,145633052150.7143,24580295528.598896,4
2025-04-02,152924221871,557044,2,0,0,0,0,13,0.3767123287671233,0,171835085849.0,138389119304.0,154782436579.0,148139001221.85715,146994551172.2857,26647965259.90666,4
2025-04-03,129389018278,467984,3,0,0,0,0,12,0.3780821917808219,0,152924221871.0,140338527357.0,157375275183.0,150215444445.7143,146861821550.2857,26325973039.866478,4
2025-04-04,124715506509,485182,4,0,0,0,0,11,0.3794520547945205,0,129389018278.0,133810035842.0,157447448495.0,148651228863.0,144862803199.92856,27317272563.929634,4
2025-04-05,191072320582,626132,5,1,0,0,0,10,0.3808219178082191,0,124715506509.0,147467750437.0,160544192696.0,147352010386.85715,142524807343.7857,28337967157.6611,4
2025-04-06,117497392165,478335,6,1,0,0,0,9,0.3821917808219178,0,191072320582.0,111956507755.0,123171880270.0,153581234693.2857,144705387907.07144,32807701777.056805,4
2025-04-07,120679128362,531210,0,0,0,0,0,8,0.3835616438356164,0,117497392165.0,193175982009.0,118664044002.0,154372789609.0,144300067328.14285,31683622635.837456,4
2025-04-08,142682831319,447111,1,0,0,0,0,7,0.384931506849315,0,120679128362.0,171835085849.0,148965430634.0,144016096230.85715,144444001925.2857,28582800899.827282,4
2025-04-09,139995734718,563817,2,0,0,0,0,6,0.3863013698630137,0,142682831319.0,152924221871.0,138389119304.0,139851488440.85715,143995244831.35715,25846768815.831223,4
2025-04-10,108001823662,525810,3,0,0,0,0,5,0.3876712328767123,0,139995734718.0,129389018278.0,140338527357.0,138004561704.7143,144110003075.2143,25211040003.625042,4
2025-04-11,115020055549,487845,4,0,0,0,0,4,0.3890410958904109,0,108001823662.0,124715506509.0,133810035842.0,134949248188.14285,141800238525.57144,27610901666.783176,4
2025-04-12,133850426106,544374,5,1,0,0,0,3,0.3904109589041096,0,115020055549.0,191072320582.0,147467750437.0,133564183765.28572,140458097076.07144,28440539643.910324,4
2025-04-13,113878051921,480906,6,1,0,0,0,2,0.3917808219178082,0,133850426106.0,117497392165.0,111956507755.0,125389627411.57143,139485431052.42856,13405958282.969698,4
2025-04-14,132866777416,514316,0,0,0,0,0,1,0.3931506849315068,0,113878051921.0,120679128362.0,193175982009.0,124872578805.28572,139622684207.14285,13824350033.952229,4
2025-04-15,143883439604,550324,1,0,0,1,0,0,0.3945205479452054,0,132866777416.0,142682831319.0,171835085849.0,126613671527.28572,135314883879.07143,13974848126.23768,4
2025-04-16,159109126345,559722,2,0,0,0,0,14,0.3958904109589041,0,143883439604.0,139995734718.0,152924221871.0,126785186996.57143,133318337718.71428,14210321079.101131,4
2025-04-17,106081823964,397045,3,0,1,0,0,13,0.3972602739726027,0,159109126345.0,108001823662.0,129389018278.0,129515671514.71428,133760116609.71428,18392611809.278645,4
2025-04-18,123835572496,441889,4,0,1,0,0,12,0.3986301369863013,0,106081823964.0,115020055549.0,124715506509.0,129241385843.57143,132095317015.85715,18777211135.644882,4
2025-04-19,190569110308,647193,5,1,0,0,0,11,0.4,0,123835572496.0,133850426106.0,191072320582.0,130500745407.42857,132032464586.35715,17941463268.17415,4
2025-04-20,91922043908,363154,6,1,0,0,0,10,0.4013698630136986,0,190569110308.0,113878051921.0,117497392165.0,138603414579.14285,131996520995.35715,29065420440.566856,4
2025-04-21,100656953307,503637,0,0,0,0,0,9,0.4027397260273972,0,91922043908.0,132866777416.0,120679128362.0,135466842005.85715,130169710405.57143,33085072638.39959,4
2025-04-22,142099764370,544530,1,0,0,0,0,8,0.4041095890410959,0,100656953307.0,143883439604.0,142682831319.0,130865438561.71428,128739555044.5,35647556738.84273,4
2025-04-23,105645377410,539910,2,0,0,0,0,7,0.4054794520547945,0,142099764370.0,159109126345.0,139995734718.0,130610627814.0,128697907405.28572,35545222450.431076,4
2025-04-24,127412861477,493420,3,0,0,0,0,6,0.4068493150684931,0,105645377410.0,106081823964.0,108001823662.0,122972949394.71428,126244310454.71428,34116314333.130592,4
2025-04-25,124639376313,461158,4,0,0,0,0,5,0.4082191780821917,0,127412861477.0,123835572496.0,115020055549.0,126020240468.0,127630813155.78572,33298994586.540813,4
2025-04-26,187123469065,591489,5,1,0,0,0,4,0.4095890410958904,0,124639376313.0,190569110308.0,133850426106.0,126135069584.71428,128317907496.07143,33291590415.677074,4
2025-04-27,147946428667,548543,6,1,0,0,0,3,0.410958904109589,0,187123469065.0,91922043908.0,113878051921.0,125642835121.42857,132123124850.28572,32187272739.133396,4
2025-04-28,122391275995,445912,0,0,0,0,0,2,0.4123287671232877,0,147946428667.0,100656953307.0,132866777416.0,133646318658.42857,134556580332.14285,29234943253.45772,4
2025-04-29,149198465503,580742,1,0,0,0,0,1,0.4136986301369863,0,122391275995.0,142099764370.0,143883439604.0,136751221899.57143,133808330230.64285,26137413262.425514,4
2025-04-30,157070863305,559225,2,0,0,1,1,0,0.4150684931506849,0,149198465503.0,105645377410.0,159109126345.0,137765322061.42856,134187974937.71428,26514506737.199757,4
2025-05-01,106540310862,441707,3,0,1,0,0,14,0.4164383561643835,0,157070863305.0,127412861477.0,106081823964.0,145111820046.42856,134042384720.57143,23026543577.985546,5
2025-05-02,144643885173,534127,4,0,0,0,0,13,0.4178082191780822,0,106540310862.0,124639376313.0,123835572496.0,142130027101.42856,134075133784.71428,26750703470.64837,5
2025-05-03,181718142175,577158,5,1,0,0,0,12,0.4191780821917808,0,144643885173.0,187123469065.0,190569110308.0,144987814081.42856,135561441833.07143,25615193438.944252,5
2025-05-04,121169052141,549245,6,1,0,0,0,11,0.4205479452054794,0,181718142175.0,147946428667.0,91922043908.0,144215624525.7143,134929229823.57143,24174223370.787426,5
2025-05-05,165974267677,563922,0,0,0,0,0,10,0.421917808219178,0,121169052141.0,122391275995.0,100656953307.0,140390285022.0,137018301840.21428,25564139911.20131,5
2025-05-06,190960291268,645130,1,0,0,0,0,9,0.4232876712328767,0,165974267677.0,149198465503.0,142099764370.0,146616426690.85715,141683824295.2143,25756466690.811867,5
2025-05-07,142547388298,605610,2,0,0,0,0,8,0.4246575342465753,0,190960291268.0,157070863305.0,105645377410.0,152582401800.14285,145173861930.7857,30797550894.364037,5
2025-05-08,159172069942,552563,3,0,0,0,0,7,0.426027397260274,0,142547388298.0,106540310862.0,127412861477.0,150507619656.2857,147809719851.35715,30933684469.743732,5
2025-05-09,194010247906,659865,4,0,0,0,0,6,0.4273972602739726,0,159172069942.0,144643885173.0,124639376313.0,158026442382.0,150078234741.7143,24109391666.31438,5
2025-05-10,177492346910,621853,5,1,0,0,0,5,0.4287671232876712,0,194010247906.0,181718142175.0,187123469065.0,165078779915.2857,155033296998.35715,26630714625.758877,5
2025-05-11,114273383449,531149,6,1,0,0,0,4,0.4301369863013699,0,177492346910.0,121169052141.0,147946428667.0,164475094877.42856,154345359701.57144,26235621422.725296,5
2025-05-12,126394501799,524281,0,0,0,0,0,3,0.4315068493150685,0,114273383449.0,165974267677.0,122391275995.0,163489999350.0,151940142186.0,28189396910.558697,5
2025-05-13,144769805668,564427,1,0,0,0,0,2,0.4328767123287671,0,126394501799.0,190960291268.0,149198465503.0,157835747081.7143,152226086886.2857,31395230416.75789,5
2025-05-14,146311901843,515928,2,0,0,0,0,1,0.4342465753424657,0,144769805668.0,142547388298.0,157070863305.0,151237106281.7143,151909754040.92856,27936391833.811127,5
2025-05-15,141080368215,616878,3,0,0,1,0,0,0.4356164383561643,0,146311901843.0,159172069942.0,106540310862.0,151774893931.0,151141256793.64285,27777010468.460983,5
2025-05-16,158299983934,553564,4,0,0,0,0,15,0.436986301369863,0,141080368215.0,194010247906.0,144643885173.0,149190365112.85715,153608403747.42856,27815673058.7264,5
2025-05-17,154710034299,643726,5,1,0,0,0,14,0.4383561643835616,0,158299983934.0,177492346910.0,181718142175.0,144088898831.14285,154583839373.2143,20551798624.333485,5
2025-05-18,113001396992,488401,6,1,0,0,0,13,0.4397260273972603,0,154710034299.0,114273383449.0,121169052141.0,140834282743.85715,152654688810.64285,15583800638.864672,5
2025-05-19,163271061023,598589,0,0,0,0,0,12,0.4410958904109589,0,113001396992.0,126394501799.0,165974267677.0,140652570392.85715,152071284871.42856,15948281393.23128,5
2025-05-20,213875029996,602151,1,0,0,0,0,11,0.4424657534246575,1,163271061023.0,144769805668.0,190960291268.0,145920650282.0,151878198681.85715,16533405651.972713,5
2025-05-21,143367806063,644070,2,0,0,0,0,10,0.4438356164383562,0,213875029996.0,146311901843.0,142547388298.0,155792825186.0,153514965733.85715,30480527752.317646,5
2025-05-22,174295087388,572526,3,0,0,0,0,9,0.4452054794520548,0,143367806063.0,141080368215.0,159172069942.0,155372240074.57144,153573567002.7857,30652978056.186275,5
2025-05-23,137081962346,494845,4,0,0,0,0,8,0.4465753424657534,0,174295087388.0,158299983934.0,194010247906.0,160117199956.42856,154653782534.64285,30642683796.495647,5
2025-05-24,178364144916,600920,5,1,0,0,0,7,0.447945205479452,0,137081962346.0,154710034299.0,177492346910.0,157086054015.2857,150587476423.2143,31876975492.229733,5
2025-05-25,107660056034,446863,6,1,0,0,0,6,0.4493150684931506,0,178364144916.0,113001396992.0,114273383449.0,160465212674.85715,150649747709.35715,32822832726.50882,5
2025-05-26,147405639468,518979,0,0,0,0,0,5,0.4506849315068493,0,107660056034.0,163271061023.0,126394501799.0,159702163966.57144,150177367179.7143,34145583302.78598,5
2025-05-27,173897147992,644138,1,0,0,0,0,4,0.4520547945205479,0,147405639468.0,213875029996.0,144769805668.0,157435675173.0,151678162727.5,34394849040.008575,5
2025-05-28,184387815515,587796,2,0,0,0,0,3,0.4534246575342466,0,173897147992.0,143367806063.0,146311901843.0,151724549172.42856,153758687179.2143,25675196968.03137,5
2025-05-29,123769604580,505304,3,0,0,0,0,2,0.4547945205479452,0,184387815515.0,174295087388.0,141080368215.0,157584550522.7143,156478395298.64285,28023712988.80812,5
2025-05-30,177291803036,572675,4,0,0,0,0,1,0.4561643835616438,0,123769604580.0,137081962346.0,158299983934.0,150366624407.2857,155241912181.85715,29471710342.30025,5
2025-05-31,177920242027,680645,5,1,0,1,1,0,0.4575342465753425,0,177291803036.0,178364144916.0,154710034299.0,156110887363.0,156598470689.14285,30356211233.665577,5
2025-06-01,111580913114,458635,6,1,0,0,0,14,0.4589041095890411,0,177920242027.0,107660056034.0,113001396992.0,156047472664.57144,158256342669.7143,30302391797.64994,6
2025-06-02,101202299408,417530,0,0,1,0,0,13,0.4602739726027397,0,111580913114.0,147405639468.0,163271061023.0,156607595104.57144,158154879535.57144,29277825403.07928,6
2025-06-03,171012855444,571510,1,0,0,0,0,12,0.4616438356164383,0,101202299408.0,173897147992.0,213875029996.0,150007117953.14285,153721396563.07144,36109216448.85268,6
2025-06-04,194529133421,601668,2,0,0,0,0,11,0.4630136986301369,0,171012855444.0,184387815515.0,143367806063.0,149595076160.57144,150659812666.5,35806359068.62095,6
2025-06-05,147682314885,557614,3,0,0,0,0,10,0.4643835616438356,0,194529133421.0,123769604580.0,174295087388.0,151043835861.42856,154314193192.07144,37608541928.460335,6
2025-06-06,123514889260,449917,4,0,0,0,0,9,0.4657534246575342,0,147682314885.0,177291803036.0,137081962346.0,154459937333.57144,152413280870.42856,35758780838.4524,6
2025-06-07,154516472228,610323,5,1,0,0,0,8,0.4671232876712329,0,123514889260.0,177920242027.0,178364144916.0,146777521079.85715,151444204221.42856,35812725193.40348,6
2025-06-08,117837536785,493680,6,1,0,0,0,7,0.4684931506849315,0,154516472228.0,111580913114.0,107660056034.0,143434125394.2857,149740799029.42856,33434218869.742504,6
2025-06-09,124843418441,553995,0,0,0,0,0,6,0.4698630136986301,0,117837536785.0,101202299408.0,147405639468.0,144327928775.85715,150467761940.2143,32511659377.94415,6
2025-06-10,161133313762,636761,1,0,0,0,0,5,0.4712328767123288,0,124843418441.0,171012855444.0,173897147992.0,147705231494.85715,148856174724.0,28231279909.790943,6
2025-06-11,125806639899,443798,2,0,0,0,0,4,0.4726027397260274,0,161133313762.0,194529133421.0,184387815515.0,146293868397.42856,147944472279.0,27095988112.445766,6
2025-06-12,155226899076,500526,3,0,0,0,0,3,0.473972602739726,0,125806639899.0,147682314885.0,123769604580.0,136476369322.85715,143760102592.14285,17433483844.970173,6
2025-06-13,224776239138,596943,4,0,0,0,0,2,0.4753424657534246,1,155226899076.0,123514889260.0,177291803036.0,137554167064.42856,146007052199.0,18445576561.498623,6
2025-06-14,138641140862,509491,5,1,0,0,0,1,0.4767123287671233,0,224776239138.0,154516472228.0,177920242027.0,152020074189.85715,149398797634.85715,36485583958.88092,6
2025-06-15,169731726335,588995,6,1,0,1,0,0,0.4780821917808219,0,138641140862.0,117837536785.0,111580913114.0,149752169709.0,146593147551.64285,36796619273.17432,6
2025-06-16,171157754160,595951,0,0,0,0,0,14,0.4794520547945205,0,169731726335.0,124843418441.0,101202299408.0,157165625359.0,150746777067.42856,34447715829.41772,6
2025-06-17,167189801325,598255,1,0,0,0,0,13,0.4808219178082192,0,171157754160.0,161133313762.0,171012855444.0,163781959033.14285,155743595264.0,31529071940.317944,6
2025-06-18,150315486728,516995,2,0,0,0,0,12,0.4821917808219178,0,167189801325.0,125806639899.0,194529133421.0,164647171542.14285,155470519969.7857,31527374832.622772,6
2025-06-19,153280529171,567368,3,0,0,0,0,11,0.4835616438356164,0,150315486728.0,155226899076.0,147682314885.0,168148435374.85715,152312402348.85715,27612951476.092407,6
2025-06-20,177563380320,621305,4,0,0,0,0,10,0.4849315068493151,0,153280529171.0,224776239138.0,123514889260.0,167870382531.2857,152712274797.85715,27774082271.677578,6
2025-06-21,169101733844,606501,5,1,0,0,0,9,0.4863013698630137,0,177563380320.0,138641140862.0,154516472228.0,161125688414.42856,156572881302.14285,13938192584.178102,6
2025-06-22,102627822883,500848,6,1,0,0,0,8,0.4876712328767123,0,169101733844.0,169731726335.0,117837536785.0,165477201697.57144,157614685703.2857,9925992999.572714,6
2025-06-23,99662368593,437676,0,0,1,0,0,7,0.4890410958904109,0,102627822883.0,171157754160.0,124843418441.0,155890929775.85715,156528277567.42856,25429048986.520317,6
2025-06-24,157617079006,512706,1,0,0,0,0,6,0.4904109589041096,0,99662368593.0,167189801325.0,161133313762.0,145677303266.2857,154729631149.7143,31828098683.21813,6
2025-06-25,143928205419,537764,2,0,0,0,0,5,0.4917808219178082,0,157617079006.0,150315486728.0,125806639899.0,144309771506.42856,154478471524.2857,30943084485.662247,6
2025-06-26,130023286110,521393,3,0,0,0,0,4,0.4931506849315068,0,143928205419.0,153280529171.0,155226899076.0,143397302748.0,155772869061.42856,30830438551.40483,6
2025-06-27,165813550025,586358,4,0,0,0,0,3,0.4945205479452055,0,130023286110.0,177563380320.0,224776239138.0,140074839453.57144,153972610992.42856,30841018324.4575,6
2025-06-28,208271453390,647505,5,1,0,0,0,2,0.4958904109589041,0,165813550025.0,169101733844.0,138641140862.0,138396292268.57144,149760990341.5,28706498534.76017,6
2025-06-29,111803890587,443771,6,1,0,0,0,1,0.4972602739726027,0,208271453390.0,102627822883.0,169731726335.0,143991966489.42856,154734584093.5,38001998540.11826,6
2025-06-30,118751928050,460495,0,0,1,1,1,0,0.4986301369863014,0,111803890587.0,99662368593.0,171157754160.0,145302833304.2857,150596881540.07144,36464509251.28456,6
2025-07-01,212466040317,668135,1,0,0,0,0,14,0.5,0,118751928050.0,157617079006.0,167189801325.0,148029913226.7143,146853608246.5,33034836173.49733,7
2025-07-02,171039890877,534157,2,0,0,0,0,13,0.5013698630136987,0,212466040317.0,143928205419.0,150315486728.0,155865479128.2857,150087625317.35715,41186831394.24885,7
2025-07-03,136794914054,494424,3,0,0,0,0,12,0.5027397260273972,0,171039890877.0,130023286110.0,153280529171.0,159738577050.85715,151567939899.42856,41151930974.28521,7
2025-07-04,178828258741,582891,4,0,0,0,0,11,0.5041095890410959,0,136794914054.0,165813550025.0,177563380320.0,160705952471.42856,150390395962.5,40409881190.65536,7
2025-07-05,211811281488,645587,5,1,0,0,0,10,0.5054794520547945,0,178828258741.0,208271453390.0,169101733844.0,162565196573.7143,150480744421.14285,40979433659.6481,7
2025-07-06,135045068466,495914,6,1,0,0,0,9,0.5068493150684932,0,211811281488.0,111803890587.0,102627822883.0,163070886302.0,153531426395.7143,41653748952.75077,7
2025-07-07,176506367428,603962,0,0,0,0,0,8,0.5082191780821917,0,135045068466.0,118751928050.0,99662368593.0,166391054570.42856,155846943937.35715,37616897367.47919,7
2025-07-08,179960588414,604754,1,0,0,0,0,7,0.5095890410958904,0,176506367428.0,212466040317.0,157617079006.0,174641688767.2857,161335800997.0,31215669759.907097,7
2025-07-09,169609583859,592154,2,0,0,0,0,6,0.510958904109589,0,179960588414.0,171039890877.0,143928205419.0,169998052781.14285,162931765954.7143,26749373414.625114,7
2025-07-10,127326291689,560564,3,0,0,0,0,5,0.5123287671232877,0,169609583859.0,136794914054.0,130023286110.0,169793723207.14285,164766150129.0,26745551330.742004,7
2025-07-11,206517293130,692394,4,0,0,0,0,4,0.5136986301369864,0,127326291689.0,178828258741.0,165813550025.0,168441062869.2857,164573507670.35715,28849322927.37405,7
2025-07-12,141018072174,588912,5,1,0,0,0,3,0.5150684931506849,0,206517293130.0,211811281488.0,208271453390.0,172396639210.57144,167480917892.14285,32213040795.240192,7
2025-07-13,88228607620,406075,6,1,0,0,0,2,0.5164383561643836,0,141018072174.0,135045068466.0,111803890587.0,162283323594.2857,162677104948.14285,28697347025.417877,7
2025-07-14,194619332476,617327,0,0,0,0,0,1,0.5178082191780822,0,88228607620.0,176506367428.0,118751928050.0,155595257759.14285,160993156164.7857,39518546702.94208,7
2025-07-15,174678532882,570631,1,0,0,1,0,0,0.5191780821917809,0,194619332476.0,179960588414.0,212466040317.0,158182824194.57144,166412256480.92856,41651387733.17416,7
2025-07-16,191024226931,600258,2,0,0,0,0,15,0.5205479452054794,0,174678532882.0,169609583859.0,171039890877.0,157428244832.85715,163713148807.0,41236877228.21017,7
2025-07-17,151278408209,596866,3,0,0,0,0,14,0.5219178082191781,0,191024226931.0,127326291689.0,136794914054.0,160487479557.42856,165140601382.2857,43045853137.818054,7
2025-07-18,116335719733,489916,4,0,0,0,0,13,0.5232876712328767,0,151278408209.0,206517293130.0,178828258741.0,163909210488.85715,166175136679.07144,40867382573.516914,7
2025-07-19,148097891259,532403,5,1,0,0,0,12,0.5246575342465754,0,116335719733.0,141018072174.0,211811281488.0,151026128575.0,161711383892.7857,39384492442.267784,7
2025-07-20,82595388683,339208,6,1,1,0,0,11,0.5260273972602739,0,148097891259.0,88228607620.0,135045068466.0,152037531301.42856,157160427447.85715,39174996920.0984,7
2025-07-21,138060456377,500886,0,0,0,0,0,10,0.5273972602739726,0,82595388683.0,194619332476.0,176506367428.0,151232785739.0,153414021749.07144,40731194892.55619,7
2025-07-22,184676242627,583674,1,0,0,0,0,9,0.5287671232876713,0,138060456377.0,174678532882.0,179960588414.0,143152946296.2857,150667885245.42856,36028490137.13827,7
2025-07-23,149140896930,576419,2,0,0,0,0,8,0.5301369863013699,0,184676242627.0,191024226931.0,169609583859.0,144581190545.57144,151004717689.2143,37648273458.678986,7
2025-07-24,149658504178,547213,3,0,0,0,0,7,0.5315068493150685,0,149140896930.0,151278408209.0,127326291689.0,138597857688.2857,149542668622.85715,31931145598.937504,7
2025-07-25,121548062625,499679,4,0,0,0,0,6,0.5328767123287671,0,149658504178.0,116335719733.0,206517293130.0,138366442826.7143,151137826657.7857,31829637721.674393,7
2025-07-26,143707669147,475247,5,1,0,0,0,5,0.5342465753424658,0,121548062625.0,148097891259.0,141018072174.0,139111063239.85715,145068595907.42856,31284658009.47284,7
2025-07-27,119985011103,497828,6,1,0,0,0,4,0.5356164383561643,0,143707669147.0,82595388683.0,88228607620.0,138483888652.42856,145260709976.92856,31118031302.596237,7
2025-07-28,128548510043,516536,0,0,0,0,0,3,0.536986301369863,0,119985011103.0,138060456377.0,194619332476.0,143825263283.85715,147529024511.42856,21713909881.22283,7
2025-07-29,158479185975,584672,1,0,0,0,0,2,0.5383561643835616,0,128548510043.0,184676242627.0,174678532882.0,142466413807.57144,142809680051.92856,22420913531.76568,7
2025-07-30,168978229341,637895,2,0,0,0,0,1,0.5397260273972603,0,158479185975.0,149140896930.0,191024226931.0,138723977143.0,141652583844.2857,15236374130.107746,7
2025-07-31,153964890961,605449,3,0,0,1,1,0,0.541095890410959,0,168978229341.0,149658504178.0,151278408209.0,141557881773.14285,140077869730.7143,18900939261.660492,7
2025-08-01,215260842188,642213,4,0,0,0,0,14,0.5424657534246575,1,153964890961.0,121548062625.0,116335719733.0,142173079885.0,140269761355.85715,19274929928.37044,8
2025-08-02,180829633376,636862,5,1,0,0,0,13,0.5438356164383562,0,215260842188.0,143707669147.0,148097891259.0,155560619822.57144,147335841531.2143,31334176295.98063,8
2025-08-03,121581177469,519039,6,1,0,0,0,12,0.5452054794520548,0,180829633376.0,119985011103.0,82595388683.0,160863757569.57144,149673823111.0,32125149393.649494,8
2025-08-04,103553050405,505229,0,0,0,0,0,11,0.5465753424657535,0,121581177469.0,128548510043.0,138060456377.0,161091781336.14285,152458522310.0,31790555631.608906,8
2025-08-05,137769181751,552383,1,0,0,0,0,10,0.547945205479452,0,103553050405.0,158479185975.0,184676242627.0,157521001387.85715,149993707597.7143,37027522036.165504,8
2025-08-06,147190239310,560198,2,0,0,0,0,9,0.5493150684931507,0,137769181751.0,168978229341.0,149140896930.0,154562429355.85715,146643203249.42856,37758373355.713,8
2025-08-07,110805028284,458693,3,0,1,0,0,8,0.5506849315068493,0,147190239310.0,153964890961.0,149658504178.0,151449859351.42856,146503870562.2857,37266798904.31924,8
2025-08-08,178226215761,552182,4,0,0,0,0,7,0.552054794520548,0,110805028284.0,215260842188.0,121548062625.0,145284164683.2857,143728622284.14285,40233593295.419044,8
2025-08-09,177188719504,628133,5,1,0,0,0,6,0.5534246575342465,0,178226215761.0,180829633376.0,143707669147.0,139993503765.14285,147777061793.85715,30835471621.493896,8
2025-08-10,134935939386,483552,6,1,0,0,0,5,0.5547945205479452,0,177188719504.0,121581177469.0,119985011103.0,139473373212.0,150168565390.7857,30052616919.99258,8
2025-08-11,147504523724,533734,0,0,0,0,0,4,0.5561643835616439,0,134935939386.0,103553050405.0,128548510043.0,141381196343.0,151236488839.57144,29137426722.24218,8
2025-08-12,169595202221,603376,1,0,0,0,0,3,0.5575342465753425,0,147504523724.0,137769181751.0,158479185975.0,147659978245.7143,152590489816.7857,23890383748.13704,8
2025-08-13,121439476220,451713,2,0,0,0,0,2,0.5589041095890411,0,169595202221.0,147190239310.0,168978229341.0,152206552598.57144,153384490977.2143,24708734760.95443,8
2025-08-14,124400647990,471635,3,0,0,0,0,1,0.5602739726027397,0,121439476220.0,110805028284.0,153964890961.0,148527872157.14285,149988865754.2857,27355225589.357685,8
2025-08-15,175898200067,525869,4,0,0,1,0,0,0.5616438356164384,0,124400647990.0,178226215761.0,215260842188.0,150470103543.7143,147877134113.5,24571509108.074276,8
2025-08-16,106476329827,511895,5,1,0,0,0,15,0.563013698630137,0,175898200067.0,177188719504.0,180829633376.0,150137529873.14285,145065516819.14285,24145277142.55088,8
2025-08-17,85554462665,465164,6,1,0,0,0,14,0.5643835616438356,0,106476329827.0,134935939386.0,121581177469.0,140035759919.2857,139754566565.64285,25684559841.026756,8
2025-08-18,118322371059,460661,0,0,1,0,0,13,0.5657534246575342,0,85554462665.0,147504523724.0,103553050405.0,132981263244.85715,137181229793.92857,33045478266.310413,8
2025-08-19,153590591849,547063,1,0,0,0,0,12,0.5671232876712329,0,118322371059.0,169595202221.0,137769181751.0,128812384292.71428,138236181269.2143,32747322959.9087,8
2025-08-20,165106907320,560249,2,0,0,0,0,11,0.5684931506849316,0,153590591849.0,121439476220.0,147190239310.0,126526011382.42857,139366281990.5,29856467167.041702,8
2025-08-21,163600330659,586278,3,0,0,0,0,10,0.5698630136986301,0,165106907320.0,124400647990.0,110805028284.0,132764215825.28572,140646043991.2143,33011760830.727043,8
2025-08-22,169783758818,640873,4,0,0,0,0,9,0.5712328767123288,0,163600330659.0,175898200067.0,178226215761.0,138364170492.2857,144417137018.0,34641156601.32742,8
2025-08-23,193181434056,596257,5,1,0,0,0,8,0.5726027397260274,0,169783758818.0,106476329827.0,177188719504.0,137490678885.2857,143814104379.2143,33598374527.63522,8
2025-08-24,151396494157,555757,6,1,0,0,0,7,0.5739726027397261,0,193181434056.0,85554462665.0,134935939386.0,149877122346.57144,144956441132.92856,36144863899.85289,8
2025-08-25,152987809342,543914,0,0,0,0,0,6,0.5753424657534246,0,151396494157.0,118322371059.0,147504523724.0,159283126845.42856,146132195045.14285,22672673036.766655,8
2025-08-26,84531818475,269955,1,0,0,0,0,5,0.5767123287671233,0,152987809342.0,153590591849.0,169595202221.0,164235332314.42856,146523858303.57144,14574393930.314497,8
2025-08-27,146667438119,521003,2,0,0,0,0,4,0.5780821917808219,0,84531818475.0,165106907320.0,121439476220.0,154369793261.0,140447902321.7143,33745407943.62129,8
2025-08-28,114148615191,462790,3,0,0,0,0,3,0.5794520547945206,0,146667438119.0,163600330659.0,124400647990.0,151735583375.14285,142249899600.2143,33486272232.181946,8
2025-08-29,158782192305,526709,4,0,0,0,0,2,0.5808219178082191,0,114148615191.0,169783758818.0,175898200067.0,144671052594.0,141517611543.14285,35708629561.84114,8
2025-08-30,185431373482,632917,5,1,0,0,0,1,0.5821917808219178,0,158782192305.0,193181434056.0,106476329827.0,143099400235.0,140295039560.14285,34645401241.71449,8
2025-08-31,144498994910,594982,6,1,0,1,1,0,0.5835616438356165,0,185431373482.0,151396494157.0,85554462665.0,141992248724.42856,145934685535.5,32855817139.08453,8
2025-09-01,214264799843,660610,0,0,0,0,0,14,0.584931506849315,1,144498994910.0,152987809342.0,118322371059.0,141006891689.14285,150145009267.2857,32629423746.407402,9
2025-09-02,102473310103,516342,1,0,0,0,0,13,0.5863013698630137,0,214264799843.0,84531818475.0,153590591849.0,149760747475.0,156998039894.7143,42962860987.85985,9
2025-09-03,130404730190,575554,2,0,0,0,0,12,0.5876712328767123,0,102473310103.0,146667438119.0,165106907320.0,152323817707.57144,153346805484.2857,38751661893.77591,9
2025-09-04,111016337040,488725,3,0,0,0,0,11,0.589041095890411,0,130404730190.0,114148615191.0,163600330659.0,150000573717.7143,150868078546.42856,39624944429.56196,9
2025-09-05,160631438004,602836,4,0,0,0,0,10,0.5904109589041096,0,111016337040.0,158782192305.0,169783758818.0,149553105410.42856,147112079002.2143,40111975581.31459,9
2025-09-06,168106168105,598782,5,1,0,0,0,9,0.5917808219178082,0,160631438004.0,185431373482.0,193181434056.0,149817283367.42856,146458341801.2143,40188904746.64898,9
2025-09-07,83245239380,417868,6,1,0,0,0,8,0.5931506849315068,0,168106168105.0,144498994910.0,151396494157.0,147342254027.85715,144667251376.14285,38109771028.44828,9
2025-09-08,143691894257,590297,0,0,0,0,0,7,0.5945205479452055,0,83245239380.0,214264799843.0,152987809342.0,138591717523.57144,139799304606.35715,45237277820.41969,9
2025-09-09,135376170457,536144,1,0,0,0,0,6,0.5958904109589042,0,143691894257.0,102473310103.0,84531818475.0,128509873868.42857,139135310671.7143,31269152110.32805,9
2025-09-10,187377451341,529188,2,0,0,0,0,5,0.5972602739726027,0,135376170457.0,130404730190.0,146667438119.0,133210282490.42857,142767050099.0,29100818229.698147,9
2025-09-11,157237077734,487308,3,0,0,0,0,4,0.5986301369863014,0,187377451341.0,111016337040.0,114148615191.0,141349242654.85715,145674908186.2857,35458092822.129196,9
2025-09-12,144322667769,544092,4,0,0,0,0,3,0.6,0,157237077734.0,160631438004.0,158782192305.0,147952205611.14285,148752655510.7857,33092804810.47207,9
2025-09-13,174554661368,629265,5,1,0,0,0,2,0.6013698630136987,0,144322667769.0,168106168105.0,185431373482.0,145622381291.85715,147719832329.64285,32622120365.145752,9
2025-09-14,103273183992,491789,6,1,0,0,0,1,0.6027397260273972,0,174554661368.0,83245239380.0,144498994910.0,146543594615.14285,146942924321.5,33443564766.495975,9
2025-09-15,126747240249,594550,0,0,0,1,0,0,0.6041095890410959,0,103273183992.0,143691894257.0,214264799843.0,149404729559.7143,143998223541.64285,27444417020.493717,9
2025-09-16,175833594059,632326,1,0,0,0,0,14,0.6054794520547945,0,126747240249.0,135376170457.0,102473310103.0,146984064701.42856,137746969284.92856,28748577239.418327,9
2025-09-17,149946852140,621974,2,0,0,0,0,13,0.6068493150684932,0,175833594059.0,187377451341.0,130404730190.0,152763696644.57144,142986989567.5,30062732403.317806,9
2025-09-18,137448196245,522588,3,0,0,0,0,12,0.6082191780821918,0,149946852140.0,157237077734.0,111016337040.0,147416468187.2857,144382855421.07144,25923862594.39529,9
2025-09-19,113198034679,501292,4,0,0,0,0,11,0.6095890410958904,0,137448196245.0,144322667769.0,160631438004.0,144589485117.42856,146270845364.2857,25752861173.029736,9
2025-09-20,175291901688,664131,5,1,0,0,0,10,0.6109589041095891,0,113198034679.0,174554661368.0,168106168105.0,140143108961.7143,142882745126.7857,28361415380.43137,9
2025-09-21,120530624633,485384,6,1,0,0,0,9,0.6123287671232877,0,175291901688.0,103273183992.0,83245239380.0,140248429007.42856,143396011811.2857,28511472367.01061,9
2025-09-22,173292596925,599431,0,0,0,0,0,8,0.6136986301369863,0,120530624633.0,126747240249.0,143691894257.0,142713777670.42856,146059253615.07144,25352520572.897106,9
2025-09-23,173994002376,586582,1,0,0,0,0,7,0.6150684931506849,0,173292596925.0,175833594059.0,135376170457.0,149363114338.42856,148173589519.92856,26542858170.946957,9
2025-09-24,126809629155,549339,2,0,0,0,0,6,0.6164383561643836,0,173994002376.0,149946852140.0,187377451341.0,149100315526.57144,150932006085.57144,26244525859.91866,9
2025-09-25,163192306982,556149,3,0,0,0,0,5,0.6178082191780822,0,126809629155.0,137448196245.0,157237077734.0,145794997957.2857,146605733072.2857,27544911903.751892,9
2025-09-26,171978418005,679652,4,0,0,0,0,4,0.6191780821917808,0,163192306982.0,113198034679.0,144322667769.0,149472728062.57144,147031106590.0,27960240825.43709,9
2025-09-27,225149625239,719197,5,1,0,0,0,3,0.6205479452054794,1,171978418005.0,175291901688.0,174554661368.0,157869925680.57144,149006517321.14285,23761708015.77275,9
2025-09-28,122857962364,503434,6,1,0,0,0,2,0.6219178082191781,0,225149625239.0,120530624633.0,103273183992.0,164992457616.42856,152620443311.92856,34774588670.917206,9
2025-09-29,127962661593,552636,0,0,0,0,0,1,0.6232876712328768,0,122857962364.0,173292596925.0,126747240249.0,165324934435.14285,154019356052.7857,34286341827.503883,9
2025-09-30,184515602103,677915,1,0,0,1,1,0,0.6246575342465753,0,127962661593.0,173994002376.0,175833594059.0,158849229387.7143,154106171863.07144,36724723531.57578,9
2025-10-01,150104629969,523409,2,0,0,0,0,14,0.626027397260274,0,184515602103.0,126809629155.0,149946852140.0,160352315063.0,154726315294.7857,37651506354.29824,10
2025-10-02,160426113589,560614,3,0,0,0,0,13,0.6273972602739726,0,150104629969.0,163192306982.0,137448196245.0,163680172322.14285,154737585139.7143,35138289701.28599,10
2025-10-03,154296042183,559826,4,0,0,0,0,12,0.6287671232876713,0,160426113589.0,171978418005.0,113198034679.0,163285001837.42856,156378864950.0,35160238400.91179,10
2025-10-04,208620225918,604725,5,1,0,0,0,11,0.6301369863013698,0,154296042183.0,225149625239.0,175291901688.0,160758948148.57144,159314436914.57144,35066635298.117645,10
2025-10-05,123219270207,449174,6,1,0,0,0,10,0.6315068493150685,0,208620225918.0,122857962364.0,120530624633.0,158397605388.42856,161695031502.42856,30231122216.819164,10
2025-10-06,121996362107,453114,0,0,0,0,0,9,0.6328767123287671,0,123219270207.0,127962661593.0,173292596925.0,158449220794.57144,161887077614.85715,30160556177.761944,10
2025-10-07,138268716797,447665,1,0,0,0,0,8,0.6342465753424658,0,121996362107.0,184515602103.0,173994002376.0,157596892296.57144,158223060842.14285,31230994917.38193,10
2025-10-08,164524302612,485290,2,0,0,0,0,7,0.6356164383561644,0,138268716797.0,150104629969.0,126809629155.0,150990194395.7143,155671254729.35715,29426950492.149208,10
2025-10-09,165470461154,501759,3,0,0,0,0,6,0.636986301369863,0,164524302612.0,160426113589.0,163192306982.0,153050147630.42856,158365159976.2857,29856201201.638176,10
2025-10-10,130800709217,546325,4,0,0,0,0,5,0.6383561643835617,0,165470461154.0,154296042183.0,171978418005.0,153770768711.14285,158527885274.2857,30123580885.42436,10
2025-10-11,179169595671,690647,5,1,0,0,0,4,0.6397260273972603,0,130800709217.0,208620225918.0,225149625239.0,150414292573.14285,155586620360.85715,31339716411.856976,10
2025-10-12,154197847183,533931,6,1,0,0,0,3,0.6410958904109589,0,179169595671.0,123219270207.0,122857962364.0,146207059680.7143,152302332534.57144,23123213689.852364,10
2025-10-13,93850894653,386380,0,0,1,0,0,2,0.6424657534246575,0,154197847183.0,121996362107.0,127962661593.0,150632570677.2857,154540895735.92856,20842329744.34844,10
2025-10-14,135513318541,567563,1,0,0,0,0,1,0.6438356164383562,0,93850894653.0,138268716797.0,184515602103.0,146611789612.42856,152104340954.5,28569726936.27047,10
2025-10-15,142988028803,550970,2,0,0,1,0,0,0.6452054794520548,0,135513318541.0,164524302612.0,150104629969.0,146218161290.14285,148604177842.92856,28722408141.279423,10
2025-10-16,154697232521,550767,3,0,0,0,0,15,0.6465753424657534,0,142988028803.0,165470461154.0,160426113589.0,143141550746.0,148095849188.2143,27564834467.462883,10
2025-10-17,158472427474,570491,4,0,0,0,0,14,0.647945205479452,0,154697232521.0,130800709217.0,154296042183.0,141602518084.14285,147686643397.64285,26385898335.564632,10
2025-10-18,167334516410,620882,5,1,0,0,0,13,0.6493150684931507,0,158472427474.0,179169595671.0,208620225918.0,145555620692.2857,147984956632.7143,26570094129.348625,10
2025-10-19,106224805942,470768,6,1,0,0,0,12,0.6506849315068494,0,167334516410.0,154197847183.0,123219270207.0,143864895083.57144,145035977382.14285,24359223186.438663,10
2025-10-20,147655116608,579386,0,0,0,0,0,11,0.6520547945205479,0,106224805942.0,93850894653.0,121996362107.0,137011603477.71428,143822087077.5,27512008578.474594,10
2025-10-21,125543582447,493780,1,0,0,0,0,10,0.6534246575342466,0,147655116608.0,135513318541.0,138268716797.0,144697920899.85715,145654855256.14285,19909566180.76512,10
2025-10-22,189819199369,539858,2,0,0,0,0,9,0.6547945205479452,0,125543582447.0,142988028803.0,164524302612.0,143273672886.42856,144745917088.2857,21002687674.388992,10
2025-10-23,179105619113,645721,3,0,0,0,0,8,0.6561643835616439,0,189819199369.0,154697232521.0,165470461154.0,149963840110.14285,146552695428.07144,27385438399.25434,10
2025-10-24,178389845979,572398,4,0,0,0,0,7,0.6575342465753424,0,179105619113.0,158472427474.0,130800709217.0,153450752480.42856,147526635282.2857,29556448231.8889,10
2025-10-25,182995030955,663969,5,1,0,0,0,6,0.6589041095890411,0,178389845979.0,167334516410.0,179169595671.0,156296097981.14285,150925859336.7143,31041829360.19921,10
2025-10-26,117699861497,489595,6,1,0,0,0,5,0.6602739726027397,0,182995030955.0,106224805942.0,154197847183.0,158533314344.7143,151199104714.14285,32500054875.072433,10
2025-10-27,141996299027,556397,0,0,0,0,0,4,0.6616438356164384,0,117699861497.0,147655116608.0,93850894653.0,160172607995.42856,148592105736.57144,29580120677.38818,10
2025-10-28,106277639375,547528,1,0,0,0,0,3,0.663013698630137,0,141996299027.0,125543582447.0,135513318541.0,159364205483.85715,152031063191.85715,30052779268.229393,10
2025-10-29,122591348903,531275,2,0,0,0,0,2,0.6643835616438356,0,106277639375.0,189819199369.0,142988028803.0,156611927902.14285,149942800394.2857,34254783086.674503,10
2025-10-30,111368319673,530446,3,0,0,0,0,1,0.6657534246575343,0,122591348903.0,179105619113.0,154697232521.0,147007949264.14285,148485894687.14285,32785573715.939915,10
2025-10-31,134449656732,652807,4,0,0,1,1,0,0.6671232876712329,0,111368319673.0,178389845979.0,158472427474.0,137331192201.28572,145390972340.85715,31711744565.152103,10
2025-11-01,143223874366,570190,5,1,0,0,0,14,0.6684931506849315,0,134449656732.0,182995030955.0,167334516410.0,131054022308.85715,143675060145.0,26078339108.048977,11
2025-11-02,152783406929,535271,6,1,0,0,0,13,0.6698630136986301,0,143223874366.0,117699861497.0,106224805942.0,125372428510.42857,141952871427.57144,14746479732.9625,11
2025-11-03,129106992327,464325,0,0,1,0,0,12,0.6712328767123288,0,152783406929.0,141996299027.0,147655116608.0,130384363572.14285,145278485783.7857,17423207650.219448,11
2025-11-04,187207170357,568496,1,0,0,0,0,11,0.6726027397260274,0,129106992327.0,106277639375.0,125543582447.0,128543034043.57143,143953619763.7143,16655680513.44955,11
2025-11-05,152730817921,525650,2,0,0,0,0,10,0.673972602739726,0,187207170357.0,122591348903.0,189819199369.0,140104395612.42856,148358161757.2857,24747214255.91499,11
2025-11-06,160091114919,544747,3,0,0,0,0,9,0.6753424657534246,0,152730817921.0,111368319673.0,179105619113.0,144410034043.57144,145708991653.85715,23796000223.21187,11
2025-11-07,137486205345,545543,4,0,0,0,0,8,0.6767123287671233,0,160091114919.0,134449656732.0,178389845979.0,151370433364.42856,144350812782.85715,19202903676.585747,11
2025-11-08,199053535978,637628,5,1,0,0,0,7,0.678082191780822,0,137486205345.0,143223874366.0,182995030955.0,151804226023.42856,141429124166.14285,18786745908.69545,11
2025-11-09,108782877325,405556,6,1,0,0,0,6,0.6794520547945205,0,199053535978.0,152783406929.0,117699861497.0,159779891968.0,142576160239.2143,25269372294.10854,11
2025-11-10,133636811967,512788,0,0,0,0,0,5,0.6808219178082192,0,108782877325.0,129106992327.0,141996299027.0,153494102024.57144,141939232798.35715,31901968773.98168,11
2025-11-11,137673722436,451735,1,0,0,0,0,4,0.6821917808219178,0,133636811967.0,187207170357.0,106277639375.0,154141219116.0,141342126579.7857,31366285496.946198,11
2025-11-12,138300328283,466951,2,0,0,0,0,3,0.6835616438356165,0,137673722436.0,152730817921.0,122591348903.0,147065012270.14285,143584703941.2857,28078389042.736996,11
2025-11-13,147682954784,587605,3,0,0,0,0,2,0.684931506849315,0,138300328283.0,160091114919.0,111368319673.0,145003513750.42856,144706773897.0,28122782834.401546,11
2025-11-14,148479419416,606341,4,0,0,0,0,1,0.6863013698630137,0,147682954784.0,137486205345.0,134449656732.0,143230919445.42856,147300676404.92856,27394934286.424625,11
2025-11-15,147140062210,583029,5,1,0,1,0,0,0.6876712328767123,0,148479419416.0,199053535978.0,143223874366.0,144801378598.42856,148302802310.92856,27325736237.51022,11
2025-11-16,113206009292,453525,6,1,0,0,0,14,0.689041095890411,0,147140062210.0,108782877325.0,152783406929.0,137385168060.14285,148582530014.07144,13888525089.631008,11
2025-11-17,90384596201,310146,0,0,1,0,0,13,0.6904109589041096,0,113206009292.0,133636811967.0,129106992327.0,138017044055.42856,145755573040.0,12390134432.384453,11
2025-11-18,135480029403,523421,1,0,0,0,0,12,0.6917808219178082,0,90384596201.0,137673722436.0,187207170357.0,131838156088.85715,142989687602.42856,21998127372.754635,11
2025-11-19,183100404746,657084,2,0,0,0,0,11,0.6931506849315069,0,135480029403.0,138300328283.0,152730817921.0,131524771369.85715,139294891820.0,21916613121.166256,11
2025-11-20,156599999830,543848,3,0,0,0,0,10,0.6945205479452055,0,183100404746.0,147682954784.0,160091114919.0,137924782293.14285,141464148021.7857,29465924930.776936,11
2025-11-21,162248925037,532873,4,0,0,0,0,9,0.6958904109589041,0,156599999830.0,148479419416.0,137486205345.0,139198645871.14285,141214782658.2857,30143067508.51463,11
2025-11-22,214149213326,612726,5,1,0,0,0,8,0.6972602739726027,1,162248925037.0,147140062210.0,199053535978.0,141165718102.7143,142983548350.57144,31277585458.867916,11
2025-11-23,119099687225,417376,6,1,0,0,0,7,0.6986301369863014,0,214149213326.0,113206009292.0,108782877325.0,150738453976.42856,144061811018.2857,41871153545.849335,11
2025-11-24,127167867621,514610,0,0,0,0,0,6,0.7,0,119099687225.0,90384596201.0,133636811967.0,151580407966.85715,144798726011.14285,41041698201.27689,11
2025-11-25,191215992112,555268,1,0,0,0,0,5,0.7013698630136986,0,127167867621.0,135480029403.0,137673722436.0,156835161026.85715,144336658557.85715,33576489016.05854,11
2025-11-26,139452557280,535369,2,0,0,0,0,4,0.7027397260273973,0,191215992112.0,183100404746.0,138300328283.0,164797441413.85715,148161106391.85715,34269758837.244602,11
2025-11-27,170294031558,560613,3,0,0,0,0,3,0.7041095890410959,0,139452557280.0,156599999830.0,147682954784.0,158562034633.0,148243408463.07144,34355253905.671616,11
2025-11-28,165584960487,578537,4,0,0,0,0,2,0.7054794520547946,0,170294031558.0,162248925037.0,148479419416.0,160518324879.85715,149858485375.5,34613825503.954765,11
2025-11-29,174888248978,623484,5,1,0,0,0,1,0.7068493150684931,0,165584960487.0,214149213326.0,147140062210.0,160994901372.7143,151080309737.7143,34664553075.40695,11
2025-11-30,96355145281,496507,6,1,0,1,1,0,0.7082191780821918,0,174888248978.0,119099687225.0,113206009292.0,155386192180.14285,153062323078.2857,26948185889.19753,11
2025-12-01,202061512205,606120,0,0,0,0,0,14,0.7095890410958904,0,96355145281.0,127167867621.0,90384596201.0,152136971902.42856,151858689934.64285,32790446692.011528,12
2025-12-02,187085130405,662893,1,0,0,0,0,13,0.7109589041095891,0,202061512205.0,191215992112.0,135480029403.0,162836063985.85715,159835612506.35715,35400070436.62563,12
2025-12-03,187173521648,497414,2,0,0,0,0,12,0.7123287671232876,0,187085130405.0,139452557280.0,183100404746.0,162245940884.85715,163521691149.35715,34878716304.605606,12
2025-12-04,188075271658,486415,3,0,0,0,0,11,0.7136986301369863,0,187173521648.0,170294031558.0,156599999830.0,169063221508.85715,163812628070.92856,34340616979.371147,12
2025-12-05,197563763207,634941,4,0,0,0,0,10,0.7150684931506849,0,188075271658.0,165584960487.0,162248925037.0,171603398666.0,166060861772.92856,35096161957.09535,12
2025-12-06,216355672548,583820,5,1,0,0,0,9,0.7164383561643836,1,197563763207.0,174888248978.0,214149213326.0,176171799054.57144,168583350213.64285,36244701817.24742,12
2025-12-07,151485330199,552472,6,1,0,0,0,8,0.7178082191780822,0,216355672548.0,96355145281.0,119099687225.0,182095716707.42856,168740954443.7857,39263038268.74805,12
2025-12-08,129314490203,410262,0,0,1,0,0,7,0.7191780821917808,0,151485330199.0,202061512205.0,127167867621.0,189971457410.0,171054214656.2143,20003650404.051014,12
2025-12-09,238941260344,628697,1,0,0,0,0,6,0.7205479452054795,1,129314490203.0,187085130405.0,191215992112.0,179579025695.42856,171207544840.64285,29376736726.350056,12
2025-12-10,185355735468,551449,2,0,0,0,0,5,0.7219178082191781,0,238941260344.0,187173521648.0,139452557280.0,186987044258.14285,174616492571.5,37106464139.28008,12
2025-12-11,214223921099,540936,3,0,0,0,0,4,0.7232876712328767,1,185355735468.0,188075271658.0,170294031558.0,186727360518.14285,177895291013.5,37111302030.86431,12
2025-12-12,209927243266,646619,4,0,0,0,0,3,0.7246575342465753,0,214223921099.0,197563763207.0,165584960487.0,190462881866.85715,181033140266.42856,38557441071.007065,12
2025-12-13,230539801153,574708,5,1,0,0,0,2,0.726027397260274,1,209927243266.0,216355672548.0,174888248978.0,192229093303.85715,184200446179.2143,39214495408.061844,12
2025-12-14,136628753804,448954,6,1,0,0,0,1,0.7273972602739726,0,230539801153.0,151485330199.0,96355145281.0,194255397390.2857,188175557048.85715,40994993704.063324,12
2025-12-15,203218433802,543290,0,0,0,1,0,0,0.7287671232876712,0,136628753804.0,129314490203.0,202061512205.0,192133029333.85715,191052243371.92856,43862583396.106186,12
2025-12-16,205936126256,624813,1,0,0,0,0,15,0.7301369863013699,0,203218433802.0,238941260344.0,187085130405.0,202690735562.2857,191134880628.85715,34009847939.30751,12
2025-12-17,157411256874,468200,2,0,0,0,0,14,0.7315068493150685,0,205936126256.0,185355735468.0,187173521648.0,197975716406.85715,192481380332.5,30223695768.611958,12
2025-12-18,180883436603,558980,3,0,0,0,0,13,0.7328767123287672,0,157411256874.0,214223921099.0,188075271658.0,193983648036.2857,190355504277.2143,33802085499.394226,12
2025-12-19,167462548497,539316,4,0,0,0,0,12,0.7342465753424657,0,180883436603.0,209927243266.0,197563763207.0,189220721679.7143,189841801773.2857,32809131143.24232,12
2025-12-20,253812362794,655417,5,1,0,0,0,11,0.7356164383561644,1,167462548497.0,230539801153.0,216355672548.0,183154336712.7143,187691715008.2857,32263719036.29423,12
2025-12-21,124981453844,384805,6,1,0,0,0,10,0.736986301369863,0,253812362794.0,136628753804.0,151485330199.0,186478988375.7143,190367192883.0,38547560763.80981,12
2025-12-22,181811130172,496291,0,0,0,0,0,9,0.7383561643835617,0,124981453844.0,203218433802.0,129314490203.0,184815088381.42856,188474058857.64285,41216921220.38638,12
2025-12-23,194818969054,471524,1,0,0,0,0,8,0.7397260273972602,0,181811130172.0,205936126256.0,238941260344.0,181756902148.57144,192223818855.42856,40410148664.11756,12
2025-12-24,200610147094,504473,2,0,0,0,0,7,0.7410958904109589,0,194818969054.0,157411256874.0,185355735468.0,180168736834.0,189072226620.42856,39509930229.15521,12
2025-12-25,84813317241,270217,3,0,1,0,0,6,0.7424657534246575,0,200610147094.0,180883436603.0,214223921099.0,186340006865.42856,190161827450.85715,38728895033.20581,12
2025-12-26,201398871688,557657,4,0,0,0,0,5,0.7438356164383562,0,84813317241.0,167462548497.0,209927243266.0,172615704099.42856,180918212889.57144,54709784324.70564,12
2025-12-27,192973979916,580503,5,1,0,0,0,4,0.7452054794520548,0,201398871688.0,253812362794.0,230539801153.0,177463750269.57144,180309043491.14285,55672186154.35199,12
2025-12-28,146299504516,483473,6,1,0,0,0,3,0.7465753424657534,0,192973979916.0,124981453844.0,136628753804.0,168772552715.57144,177625770545.64285,45605284876.59073,12
2025-12-29,172880722308,543877,0,0,0,0,0,2,0.7479452054794521,0,146299504516.0,181811130172.0,203218433802.0,171817988525.85715,178316538453.64285,42820374535.43287,12
2025-12-30,229904694597,550932,1,0,0,0,0,1,0.7493150684931507,1,172880722308.0,194818969054.0,205936126256.0,170542215973.85715,176149559061.2143,42605516477.77798,12
2025-12-31,229883917900,649231,2,0,0,1,1,0,0.7506849315068493,1,229904694597.0,200610147094.0,157411256874.0,175554462480.0,177861599657.0,47697073685.44696,12
2026-01-01,68774142031,267625,3,0,1,0,0,14,0.7520547945205479,0,229883917900.0,84813317241.0,180883436603.0,179736429738.0,183038218301.7143,51399652191.84915,1
2026-01-02,176105390400,555008,4,0,0,0,0,13,0.7534246575342466,0,68774142031.0,201398871688.0,167462548497.0,177445118993.7143,175030411546.57144,56446179004.462814,1
2026-01-03,121111264676,567662,5,1,0,0,0,12,0.7547945205479452,0,176105390400.0,192973979916.0,253812362794.0,173831764524.0,175647757396.7857,55458159958.84096,1
2026-01-04,84194335601,458263,6,1,0,0,0,11,0.7561643835616438,0,121111264676.0,146299504516.0,124981453844.0,163565662346.85715,166169107531.2143,57920810527.320885,1
2026-01-05,173248820031,575051,0,0,0,0,0,10,0.7575342465753425,0,84194335601.0,172880722308.0,181811130172.0,154693495359.0,163255741942.42856,65293697534.78692,1
2026-01-06,141815940542,501904,1,0,0,0,0,9,0.7589041095890411,0,173248820031.0,229904694597.0,194818969054.0,154746080748.0,162644148360.92856,65310932111.46761,1
2026-01-07,135316342365,482243,2,0,0,0,0,8,0.7602739726027398,0,141815940542.0,229883917900.0,200610147094.0,142161973025.85715,158858217752.92856,56277526656.61882,1
2026-01-08,99658230851,448446,3,0,0,0,0,7,0.7616438356164383,0,135316342365.0,68774142031.0,84813317241.0,128652319378.0,154194374558.0,40981922629.30481,1
2026-01-09,129697328124,467869,4,0,0,0,0,6,0.763013698630137,0,99658230851.0,176105390400.0,201398871688.0,133064332066.57143,155254725530.14285,34631652067.94182,1
2026-01-10,172055259472,480039,5,1,0,0,0,5,0.7643835616438356,0,129697328124.0,121111264676.0,192973979916.0,126434608884.28572,150133186704.14285,29003561150.605324,1
2026-01-11,109505335260,410650,6,1,0,0,0,4,0.7657534246575343,0,172055259472.0,84194335601.0,146299504516.0,133712322426.57143,148638992386.7143,33489772872.134296,1
2026-01-12,108585012287,386351,0,0,1,0,0,3,0.7671232876712328,0,109505335260.0,173248820031.0,172880722308.0,137328179520.71428,146010837439.85715,28201109827.189117,1
2026-01-13,138691925744,521089,1,0,0,0,0,2,0.7684931506849315,0,108585012287.0,141815940542.0,229904694597.0,128090492700.14285,141418286724.07144,24867478146.843643,1
2026-01-14,129500677776,498233,2,0,0,0,0,1,0.7698630136986301,0,138691925744.0,135316342365.0,229883917900.0,127644204871.85715,134903088948.85715,24606764214.49527,1
2026-01-15,93572815408,474802,3,0,0,1,0,0,0.7712328767123288,0,129500677776.0,99658230851.0,68774142031.0,126813395644.85715,127732857511.42857,24401878892.054745,1
2026-01-16,172842708864,602181,4,0,0,0,0,15,0.7726027397260274,0,93572815408.0,129697328124.0,176105390400.0,125944050581.57143,129504191324.07143,25609090294.929214,1
2026-01-17,183787432224,576560,5,1,0,0,0,14,0.773972602739726,0,172842708864.0,172055259472.0,121111264676.0,132107676401.57143,129271142642.92857,31236778824.652985,1
2026-01-18,86708423395,439942,6,1,0,0,0,13,0.7753424657534247,0,183787432224.0,109505335260.0,84194335601.0,133783701080.42857,133748011753.5,33935582274.042423,1
2026-01-19,116188235340,457471,0,0,0,0,0,12,0.7767123287671233,0,86708423395.0,108585012287.0,173248820031.0,130526999385.42857,133927589453.07143,37554721066.74908,1
2026-01-20,128630619521,530838,1,0,0,0,0,11,0.7780821917808219,0,116188235340.0,138691925744.0,141815940542.0,131613174107.28572,129851833403.71428,36918905216.35679,1
2026-01-21,121854038284,504340,2,0,0,0,0,10,0.7794520547945205,0,128630619521.0,129500677776.0,135316342365.0,130175844646.85715,128910024759.35715,36793022140.81541,1
2026-01-22,111634309887,418373,3,0,0,0,0,9,0.7808219178082192,0,121854038284.0,93572815408.0,99658230851.0,129083467576.57143,127948431610.71428,36929668440.42602,1
2026-01-23,107194912115,512632,4,0,0,0,0,8,0.7821917808219178,0,111634309887.0,172842708864.0,129697328124.0,131663681073.57143,128803865827.57143,34592067109.68652,1
2026-01-24,172210572895,553334,5,1,0,0,0,7,0.7835616438356164,0,107194912115.0,183787432224.0,172055259472.0,122285424395.14285,127196550398.35715,30185573479.793224,1
2026-01-25,108889525021,410213,6,1,0,0,0,6,0.7849315068493151,0,172210572895.0,86708423395.0,109505335260.0,120631587348.14285,127207644214.28572,26324545974.969673,1
2026-01-26,132473321015,494335,0,0,0,0,0,5,0.7863013698630137,0,108889525021.0,116188235340.0,108585012287.0,123800316151.85715,127163657768.64285,22637356309.914024,1
2026-01-27,87022373715,439634,1,0,0,0,0,4,0.7876712328767124,0,132473321015.0,128630619521.0,138691925744.0,126126756962.57143,128869965534.92857,22561362087.137604,1
2026-01-28,133880620102,555591,2,0,0,0,0,3,0.7890410958904109,0,87022373715.0,121854038284.0,129500677776.0,120182721847.42857,125179283247.14285,26862777663.130424,1
2026-01-29,163115983762,535103,3,0,0,0,0,2,0.7904109589041096,0,133880620102.0,111634309887.0,93572815408.0,121900804964.28572,125492136270.42857,27367344876.26662,1
2026-01-30,102298280309,549432,4,0,0,0,0,1,0.7917808219178082,0,163115983762.0,107194912115.0,172842708864.0,129255329803.57143,130459505438.57143,30845032518.30842,1
2026-01-31,173951074478,625261,5,1,0,1,1,0,0.7931506849315069,0,102298280309.0,172210572895.0,183787432224.0,128555810974.14285,125420617684.64285,31477747137.309784,1
2026-02-01,86148756080,399286,6,1,0,0,0,14,0.7945205479452054,0,173951074478.0,108889525021.0,86708423395.0,128804454057.42857,124718020702.78572,31884296907.151466,2
2026-02-02,154133374020,492680,0,0,0,0,0,13,0.7958904109589041,0,86148756080.0,132473321015.0,116188235340.0,125555772780.14285,124678044466.0,35234161918.7644,2
2026-02-03,143291601242,535790,1,0,0,0,0,12,0.7972602739726027,0,154133374020.0,87022373715.0,128630619521.0,128650066066.57143,127388411514.57143,36856662127.653145,2
2026-02-04,144443815626,487488,2,0,0,0,0,11,0.7986301369863014,0,143291601242.0,133880620102.0,121854038284.0,136688527141.85715,128435624494.64285,32092764100.63991,2
2026-02-05,163089007272,557014,3,0,0,0,0,10,0.8,0,144443815626.0,163115983762.0,111634309887.0,138197555073.85715,130049180019.07143,32186935875.048325,2
2026-02-06,232976778049,661999,4,0,0,0,0,9,0.8013698630136986,1,163089007272.0,102298280309.0,107194912115.0,138193701289.57144,133724515546.57143,32183456532.90324,2
2026-02-07,153785039206,525832,5,1,0,0,0,8,0.8027397260273973,0,232976778049.0,173951074478.0,172210572895.0,156862058109.57144,142708934541.85715,43723462074.213295,2
2026-02-08,118131641070,448995,6,1,0,0,0,7,0.8041095890410959,0,153785039206.0,86148756080.0,108889525021.0,153981195927.85715,141392824992.64285,43069294574.85404,2
2026-02-09,126798014229,539964,0,0,0,0,0,6,0.8054794520547945,0,118131641070.0,154133374020.0,132473321015.0,158550179497.85715,142052976139.0,35748207933.65299,2
2026-02-10,209906074441,630141,1,0,0,0,0,5,0.8068493150684931,0,126798014229.0,143291601242.0,87022373715.0,154645128099.14285,141647597082.85715,37748183325.937546,2
2026-02-11,123512897560,480192,2,0,0,0,0,4,0.8082191780821918,0,209906074441.0,144443815626.0,133880620102.0,164161481413.2857,150425004277.57144,42505871794.682846,2
2026-02-12,137057803524,535094,3,0,0,0,0,3,0.8095890410958904,0,123512897560.0,163089007272.0,163115983762.0,161171350261.0,149684452667.42856,44798492640.52588,2
2026-02-13,188139081427,653111,4,0,0,0,0,2,0.810958904109589,0,137057803524.0,232976778049.0,102298280309.0,157452606868.42856,147823154079.0,45684446693.352516,2
2026-02-14,122128412001,500682,5,1,0,0,0,1,0.8123287671232877,0,188139081427.0,153785039206.0,173951074478.0,151047221636.7143,153954639873.14285,35291567894.285,2
2026-02-15,117971455068,455384,6,1,0,1,0,0,0.8136986301369863,0,122128412001.0,118131641070.0,86148756080.0,146524846321.7143,150253021124.7857,36875030718.39967,2
2026-02-16,175455815345,549288,0,0,0,0,0,12,0.815068493150685,0,117971455068.0,126798014229.0,154133374020.0,146501962607.14285,152526071052.5,36895631459.71909,2
2026-02-17,158516794648,524556,1,0,0,0,0,11,0.8164383561643835,0,175455815345.0,209906074441.0,143291601242.0,153453077052.2857,154049102575.7143,37147408584.67149,2
2026-02-18,132847161918,579010,2,0,0,0,0,10,0.8178082191780822,0,158516794648.0,123512897560.0,144443815626.0,146111751367.57144,155136616390.42856,28109946843.880753,2
2026-02-19,144895584270,534746,3,0,0,0,0,9,0.8191780821917808,0,132847161918.0,137057803524.0,163089007272.0,147445217704.42856,154308283982.7143,27061069460.092743,2
2026-02-20,148543817764,471493,4,0,0,0,0,8,0.8205479452054795,0,144895584270.0,188139081427.0,232976778049.0,148564900668.14285,153008753768.2857,26719641058.165886,2
2026-02-21,143346871739,615390,5,1,0,0,0,7,0.821917808219178,0,148543817764.0,122128412001.0,153785039206.0,142908434430.57144,146977828033.64285,20386068361.097343,2
2026-02-22,101261316790,460355,6,1,0,0,0,6,0.8232876712328767,0,143346871739.0,117971455068.0,118131641070.0,145939642964.57144,146232244643.14285,18246534000.570126,2
2026-02-23,186723215191,589408,0,0,0,0,0,5,0.8246575342465754,0,101261316790.0,175455815345.0,126798014229.0,143552480353.42856,145027221480.2857,22991518350.69828,2
2026-02-24,156745363919,519256,1,0,0,0,0,4,0.826027397260274,0,186723215191.0,158516794648.0,209906074441.0,145162108902.85715,149307592977.57144,25817993501.898697,2
2026-02-25,151559700979,508636,2,0,0,0,0,3,0.8273972602739726,0,156745363919.0,132847161918.0,123512897560.0,144909047370.14285,145510399368.85715,25673555185.659424,2
2026-02-26,184935665572,548852,3,0,0,0,0,2,0.8287671232876712,0,151559700979.0,144895584270.0,137057803524.0,147582267236.0,147513742470.2143,25177728242.875324,2
2026-02-27,183517721335,599661,4,0,0,0,0,1,0.8301369863013699,0,184935665572.0,148543817764.0,188139081427.0,153302278850.57144,150933589759.35715,28759161927.47611,2
2026-02-28,198813915743,611827,5,1,0,1,1,0,0.8315068493150685,0,183517721335.0,143346871739.0,122128412001.0,158298550789.2857,150603492609.92856,30762876025.720375,2
2026-03-01,144984510252,432525,6,1,0,0,0,14,0.8328767123287671,0,198813915743.0,101261316790.0,117971455068.0,166222414218.42856,156081028591.5,33308047219.971195,3
2026-03-02,161275471738,576538,0,0,0,0,0,13,0.8342465753424657,0,144984510252.0,186723215191.0,175455815345.0,172468584713.0,158010532533.2143,20874856975.548534,3
2026-03-03,132168839106,499111,1,0,0,0,0,12,0.8356164383561644,0,161275471738.0,156745363919.0,158516794648.0,168833192791.14285,156997650847.0,20183065052.68674,3
2026-03-04,164730792591,550975,2,0,0,0,0,11,0.836986301369863,0,132168839106.0,151559700979.0,132847161918.0,165322260675.0,155115654022.57144,24344778370.880726,3
2026-03-05,132531425940,456302,3,0,0,0,0,10,0.8383561643835616,0,164730792591.0,184935665572.0,144895584270.0,167203845191.0,157393056213.5,23601442987.793064,3
2026-03-06,158675303850,583672,4,0,0,0,0,9,0.8397260273972603,0,132531425940.0,183517721335.0,148543817764.0,159717525243.57144,156509902047.07144,25290357071.561527,3
2026-03-07,144140817340,545416,5,1,0,0,0,8,0.8410958904109589,0,158675303850.0,198813915743.0,143346871739.0,156168608460.0,157233579624.64285,23036515158.64998,3
2026-03-08,138974750866,429539,6,1,0,0,0,7,0.8424657534246576,0,144140817340.0,144984510252.0,101261316790.0,148358165831.0,157290290024.7143,13435714913.783768,3
2026-03-09,168157381887,562728,0,0,0,0,0,6,0.8438356164383561,0,138974750866.0,161275471738.0,186723215191.0,147499628775.85715,159984106744.42856,13872141956.580494,3
2026-03-10,150436452234,562310,1,0,0,0,0,5,0.8452054794520548,0,168157381887.0,132168839106.0,156745363919.0,148482758797.14285,158657975794.14285,15192218603.576645,3
2026-03-11,161144817608,509736,2,0,0,0,0,4,0.8465753424657534,0,150436452234.0,164730792591.0,151559700979.0,151092417815.42856,158207339245.2143,13384205477.647131,3
2026-03-12,161376663241,591718,3,0,0,0,0,3,0.8479452054794521,0,161144817608.0,132531425940.0,184935665572.0,150580135675.0,158891990433.0,12832447036.95941,3
2026-03-13,151874461393,538878,4,0,0,0,0,2,0.8493150684931506,0,161376663241.0,158675303850.0,183517721335.0,154700883860.85715,157209204552.2143,10487892279.867302,3
2026-03-14,190216674842,589809,5,1,0,0,0,1,0.8506849315068493,0,151874461393.0,144140817340.0,198813915743.0,153729334938.42856,154948971699.2143,10372725496.87085,3
2026-03-15,113024023491,527188,6,1,0,1,0,0,0.852054794520548,0,190216674842.0,138974750866.0,144984510252.0,160311600295.85715,154334883063.42856,16236088343.844524,3
2026-03-16,161863582708,539212,0,0,0,0,0,15,0.8534246575342466,0,113024023491.0,168157381887.0,161275471738.0,156604353528.0,152051991151.92856,23332064541.28849,3
2026-03-17,207213908040,573677,1,0,0,0,0,14,0.8547945205479452,0,161863582708.0,150436452234.0,132168839106.0,155705239359.57144,152093999078.35715,22930473166.516262,3
2026-03-18,154727469084,513646,2,0,0,0,0,13,0.8561643835616438,0,207213908040.0,161144817608.0,164730792591.0,163816304474.7143,157454361145.07144,29776100002.58283,3
2026-03-19,133191991654,503974,3,0,0,0,0,12,0.8575342465753425,0,154727469084.0,161376663241.0,132531425940.0,162899540399.85715,156739838037.42856,29970217662.096687,3
2026-03-20,172225297522,629948,4,0,0,0,0,11,0.8589041095890411,0,133191991654.0,151874461393.0,158675303850.0,158873158744.57144,156787021302.7143,32031288696.338463,3
2026-03-21,153350252535,533031,5,1,0,0,0,10,0.8602739726027397,0,172225297522.0,190216674842.0,144140817340.0,161780421048.7143,157754877993.57144,32213230614.83243,3
2026-03-22,93660057339,380148,6,1,0,0,0,9,0.8616438356164383,0,153350252535.0,113024023491.0,138974750866.0,156513789290.57144,158412694793.2143,29705326965.345757,3
2026-03-23,133373464865,484337,0,0,1,0,0,8,0.863013698630137,0,93660057339.0,161863582708.0,168157381887.0,153747508411.7143,155175930969.85715,34880998701.15986,3
2026-03-24,220968364738,676611,1,0,0,0,0,7,0.8643835616438356,1,133373464865.0,207213908040.0,150436452234.0,149677491577.0,152691365468.2857,35433929482.81463,3
2026-03-25,117644853826,519870,2,0,0,0,0,6,0.8657534246575342,0,220968364738.0,154727469084.0,161144817608.0,151642413962.42856,157729359218.57144,39324087377.3043,3
2026-03-26,132184342044,432133,3,0,0,0,0,5,0.8671232876712329,0,117644853826.0,133191991654.0,161376663241.0,146344897497.0,154622218948.42856,41287960015.73123,3
2026-03-27,151790180860,545452,4,0,0,0,0,4,0.8684931506849315,0,132184342044.0,172225297522.0,151874461393.0,146200947552.7143,152537053148.64285,41343180012.107544,3
2026-03-28,181501536754,572960,5,1,0,0,0,3,0.8698630136986302,0,151790180860.0,153350252535.0,190216674842.0,143281645172.42856,152531033110.57144,39895420902.671265,3
2026-03-29,105052703163,477295,6,1,0,0,0,2,0.8712328767123287,0,181501536754.0,93660057339.0,113024023491.0,147303257203.7143,151908523247.14285,42418622814.71422,3
2026-03-30,173710815392,518594,0,0,0,0,0,1,0.8726027397260274,0,105052703163.0,133373464865.0,161863582708.0,148930778035.7143,151339143223.7143,40176718020.91654,3
2026-03-31,219683734986,648533,1,0,0,1,1,0,0.873972602739726,1,173710815392.0,220968364738.0,207213908040.0,154693256682.42856,152185374129.7143,40465189078.1937,3
2026-04-01,189327047184,593271,2,0,0,0,0,14,0.8753424657534247,0,219683734986.0,117644853826.0,154727469084.0,154509738146.42856,153076076054.42856,40115927285.35166,4
2026-04-02,85617998204,376873,3,0,1,0,0,13,0.8767123287671232,0,189327047184.0,132184342044.0,133191991654.0,164750051483.2857,155547474490.14285,38242434815.66384,4
2026-04-03,153204784576,477154,4,0,1,0,0,12,0.8780821917808219,0,85617998204.0,151790180860.0,172225297522.0,158097716649.0,152149332100.85715,47725752023.86613,4
2026-04-04,221772807781,696758,5,1,0,0,0,11,0.8794520547945206,1,153204784576.0,181501536754.0,153350252535.0,158299802894.14285,150790724033.2857,47697579152.492134,4
2026-04-05,101489278934,493110,6,1,0,0,0,10,0.8808219178082192,0,221772807781.0,105052703163.0,93660057339.0,164052841612.2857,155678049408.0,53086680777.551125,4
2026-04-06,147922443023,512706,0,0,0,0,0,9,0.8821917808219178,0,101489278934.0,173710815392.0,133373464865.0,163543781008.14285,156237279521.92856,53759562087.346794,4
2026-04-07,167373341778,543307,1,0,0,0,0,8,0.8835616438356164,0,147922443023.0,219683734986.0,220968364738.0,159859727812.57144,157276492247.5,53830281087.2417,4
2026-04-08,174100165069,569427,2,0,0,0,0,7,0.8849315068493151,0,167373341778.0,189327047184.0,117644853826.0,152386814497.14285,153448276321.7857,47386401878.92233,4
2026-04-09,125483366578,441844,3,0,0,0,0,6,0.8863013698630137,0,174100165069.0,85617998204.0,132184342044.0,150211545623.57144,157480798553.42856,45728533647.99584,4
2026-04-10,172370765272,569434,4,0,0,0,0,5,0.8876712328767123,0,125483366578.0,153204784576.0,151790180860.0,155906598248.42856,157002157448.7143,38207141211.7366,4
2026-04-11,203021123093,567442,5,1,0,0,0,4,0.8890410958904109,0,172370765272.0,221772807781.0,181501536754.0,158644595490.7143,158472199192.42856,38665243724.8443,4
2026-04-12,165875806053,566352,6,1,0,0,0,3,0.8904109589041096,0,203021123093.0,101489278934.0,105052703163.0,155965783392.42856,160009312502.35715,33921181212.415707,4
2026-04-13,98942658382,520470,0,0,0,0,0,2,0.8917808219178082,0,165875806053.0,147922443023.0,173710815392.0,165163858695.14285,164353819851.64285,23951917443.342907,4
2026-04-14,179983523017,632953,1,0,0,0,0,1,0.8931506849315068,0,98942658382.0,167373341778.0,219683734986.0,158166746603.57144,159013237208.07144,34610764241.91364,4
2026-04-15,144951041328,515110,2,0,0,1,0,0,0.8945205479452055,0,179983523017.0,174100165069.0,189327047184.0,159968201066.2857,156177507781.7143,35486907631.67701,4
2026-04-16,130900356049,595107,3,0,0,0,0,14,0.8958904109589041,0,144951041328.0,125483366578.0,85617998204.0,155804040531.85715,153007793077.7143,35261746810.79292,4
2026-04-17,171015982030,577262,4,0,0,0,0,13,0.8972602739726028,0,130900356049.0,172370765272.0,153204784576.0,156577896170.57144,156242247209.5,34537426541.96407,4
2026-04-18,189808488688,542111,5,1,0,0,0,12,0.8986301369863013,0,171015982030.0,203021123093.0,221772807781.0,156384355707.42856,157514475599.07144,34437828997.34595,4
2026-04-19,109709979748,493348,6,1,0,0,0,11,0.9,0,189808488688.0,165875806053.0,101489278934.0,154496836506.7143,155231309949.57144,31709698538.717926,4
2026-04-20,177101461821,586461,0,0,0,0,0,10,0.9013698630136986,0,109709979748.0,98942658382.0,147922443023.0,146473147034.57144,155818502864.85715,35257988053.94055,4
2026-04-21,140810849239,534303,1,0,0,0,0,9,0.9027397260273972,0,177101461821.0,179983523017.0,167373341778.0,157638690383.0,157902718493.2857,29622669069.80685,4
2026-04-22,120905347251,457389,2,0,0,0,0,8,0.9041095890410958,0,140810849239.0,144951041328.0,174100165069.0,152042594129.0,156005397597.64285,28371598991.637615,4
2026-04-23,171607745993,522536,3,0,0,0,0,7,0.9054794520547944,0,120905347251.0,130900356049.0,125483366578.0,148607494975.14285,152205767753.5,30730886891.11792,4
2026-04-24,141417592251,515558,4,0,0,0,0,6,0.9068493150684932,0,171607745993.0,171015982030.0,172370765272.0,154422836395.7143,155500366283.14285,30673185525.683804,4
2026-04-25,183475346843,569990,5,1,0,0,0,5,0.9082191780821918,0,141417592251.0,189808488688.0,203021123093.0,150194494998.7143,153289425353.07144,30038080437.432636,4
2026-04-26,95736493257,482029,6,1,0,0,0,4,0.9095890410958904,0,183475346843.0,109709979748.0,165875806053.0,149289760449.42856,151893298478.07144,28712176422.28894,4
2026-04-27,159203880540,447590,0,0,0,0,0,3,0.910958904109589,0,95736493257.0,177101461821.0,98942658382.0,147293548093.57144,146883347564.07144,32196878186.274014,4
2026-04-28,149555948148,470316,1,0,0,0,0,2,0.9123287671232876,0,159203880540.0,140810849239.0,179983523017.0,144736750767.7143,151187720575.35715,30076063571.924488,4
2026-04-29,158566094766,562959,2,0,0,0,0,1,0.9136986301369864,0,149555948148.0,120905347251.0,144951041328.0,145986050611.85715,149014322370.42856,30067436177.60922,4
2026-04-30,162377665691,543629,3,0,0,1,1,0,0.915068493150685,0,158566094766.0,171607745993.0,130900356049.0,151366157399.7143,149986826187.42856,28139240976.11514,4
2026-05-01,91198250695,373537,4,0,1,0,0,14,0.9164383561643836,0,162377665691.0,141417592251.0,171015982030.0,150047574499.42856,152235205447.57144,27234359659.218487,5
2026-05-02,235329306785,674681,5,1,0,0,0,13,0.9178082191780822,1,91198250695.0,183475346843.0,189808488688.0,142873382848.57144,146533938923.64285,35305205503.84816,5
2026-05-03,126375973313,512574,6,1,0,0,0,12,0.9191780821917808,0,235329306785.0,95736493257.0,109709979748.0,150281091411.7143,149785425930.57144,48294590072.54723,5
2026-05-04,144801620960,509780,0,0,0,0,0,11,0.9205479452054794,0,126375973313.0,159203880540.0,177101461821.0,154658159991.14285,150975854042.35715,43696748467.255035,5
2026-05-05,139692614167,499818,1,0,0,0,0,10,0.921917808219178,0,144801620960.0,149555948148.0,140810849239.0,152600694336.85715,148668722552.2857,43786014874.61021,5
2026-05-06,160383425651,597716,2,0,0,0,0,9,0.9232876712328768,0,139692614167.0,158566094766.0,120905347251.0,151191646625.2857,148588848618.57144,44058182625.81883,5
2026-05-07,168611206636,556177,3,0,0,0,0,8,0.9246575342465754,0,160383425651.0,162377665691.0,171607745993.0,151451265323.14285,151408711361.42856,44114198849.76484,5
2026-05-08,212993365801,702108,4,0,0,0,0,7,0.926027397260274,0,168611206636.0,91198250695.0,141417592251.0,152341771172.42856,151194672835.92856,44433286316.16968,5
2026-05-09,207432132549,628845,5,1,0,0,0,6,0.9273972602739726,0,212993365801.0,235329306785.0,183475346843.0,169741073330.42856,156307228089.5,40139003107.21355,5
2026-05-10,132888188728,517767,6,1,0,0,0,5,0.9287671232876712,0,207432132549.0,126375973313.0,95736493257.0,165755762725.2857,158018427068.5,33352806217.8573,5
2026-05-11,166127625199,536597,0,0,0,0,0,4,0.93013698630137,0,132888188728.0,144801620960.0,159203880540.0,166686079213.14285,160672119602.14285,32140082142.01718,5
2026-05-12,171972452134,608699,1,0,0,0,0,3,0.9315068493150684,0,166127625199.0,139692614167.0,149555948148.0,169732651247.2857,161166672792.07144,30698318168.675728,5
2026-05-13,215005964851,587174,2,0,0,0,0,2,0.9328767123287672,1,171972452134.0,160383425651.0,158566094766.0,174344056671.14285,162767851648.2143,27713047139.85937,5
2026-05-14,136516530848,599969,3,0,0,0,0,1,0.9342465753424658,0,215005964851.0,168611206636.0,162377665691.0,182147276556.85715,166799270940.0,30660337476.15234,5
2026-05-15,198228507880,584071,4,0,0,1,0,0,0.9356164383561644,0,136516530848.0,212993365801.0,91198250695.0,177562322872.85715,164952047022.64285,35100154149.6197,5
2026-05-16,224287497872,628762,5,1,0,0,0,15,0.936986301369863,1,198228507880.0,207432132549.0,235329306785.0,175453057455.57144,172597065393.0,32996753182.528034,5
2026-05-17,110596075553,478737,6,1,0,0,0,14,0.9383561643835616,0,224287497872.0,132888188728.0,126375973313.0,177860966787.42856,171808364756.35715,36180725667.66615,5
2026-05-18,172840097699,466844,0,0,1,0,0,13,0.9397260273972604,0,110596075553.0,166127625199.0,144801620960.0,174676379191.0,170681229202.07144,41403085831.68469,5
2026-05-19,214623877832,643482,1,0,0,0,0,12,0.9410958904109588,1,172840097699.0,171972452134.0,139692614167.0,175635303833.85715,172683977540.57144,41249539548.78865,5
2026-05-20,172166302943,532944,2,0,0,0,0,11,0.9424657534246575,0,214623877832.0,215005964851.0,160383425651.0,181728364647.85715,178036210659.5,43695846040.507225,5
2026-05-21,146069855587,518609,3,0,0,0,0,10,0.943835616438356,0,172166302943.0,136516530848.0,168611206636.0,175608412946.7143,178877844751.7857,41186202087.12966,5
2026-05-22,170943722951,594478,4,0,0,0,0,9,0.9452054794520548,0,146069855587.0,198228507880.0,212993365801.0,176973173623.7143,177267748248.2857,39810242771.39878,5
2026-05-23,177275239214,592529,5,1,0,0,0,8,0.9465753424657536,0,170943722951.0,224287497872.0,207432132549.0,173075347205.2857,174264202330.42856,38702597377.6462,5
2026-05-24,146556770125,543179,6,1,0,0,0,7,0.947945205479452,0,177275239214.0,110596075553.0,132888188728.0,166359310254.14285,172110138520.7857,31797706713.241467,5
2026-05-25,148444476759,434377,0,0,0,0,0,6,0.9493150684931508,0,146556770125.0,172840097699.0,166127625199.0,171496552335.85715,173086465763.42856,22965294000.282772,5
2026-05-26,160022545820,524830,1,0,0,0,0,5,0.9506849315068492,0,148444476759.0,214623877832.0,171972452134.0,168011463630.14285,171823383732.0,24525498779.732544,5
2026-05-27,133369064859,516755,2,0,0,0,0,4,0.952054794520548,0,160022545820.0,172166302943.0,215005964851.0,160211273342.7143,170969818995.2857,13380367538.418873,5
2026-05-28,131810914011,426616,3,0,0,0,0,3,0.9534246575342464,0,133369064859.0,146069855587.0,136516530848.0,154668810759.2857,165138611853.0,15474466043.009806,5
2026-05-29,173393789262,527996,4,0,0,0,0,2,0.9547945205479452,0,131810914011.0,170943722951.0,198228507880.0,152631819105.57144,164802496364.64285,17589062248.15478,5
2026-05-30,200926086342,606066,5,1,0,0,0,1,0.9561643835616438,0,173393789262.0,177275239214.0,224287497872.0,152981828578.57144,163028587891.92856,18032963800.26803,5
2026-05-31,154735388575,550205,6,1,0,1,1,0,0.9575342465753424,0,200926086342.0,146556770125.0,110596075553.0,156360521025.42856,161359915639.7857,24425737157.63095,5
2026-06-01,180150727645,616979,0,0,0,0,0,14,0.958904109589041,0,154735388575.0,148444476759.0,172840097699.0,157528895089.7143,164512723712.7857,24071669559.34975,6
2026-06-02,154648263120,565385,1,0,0,0,0,13,0.9602739726027396,0,180150727645.0,160022545820.0,214623877832.0,162058359502.0,165034911566.07144,25040899774.049576,6
2026-06-03,132411258208,494439,2,0,0,0,0,12,0.9616438356164384,0,154648263120.0,133369064859.0,172166302943.0,161290604830.57144,160750939086.64285,25195630670.67445,6
2026-06-04,122607262783,525940,3,0,0,0,0,11,0.963013698630137,0,132411258208.0,131810914011.0,146069855587.0,161153775309.0,157911293034.14285,25374501768.819485,6
2026-06-05,194616610885,620320,4,0,0,0,0,10,0.9643835616438357,0,122607262783.0,173393789262.0,170943722951.0,159838967990.7143,156235393548.14285,27312759932.764107,6
2026-06-06,170104493000,541871,5,1,0,0,0,9,0.9657534246575342,0,194616610885.0,200926086342.0,177275239214.0,162870799651.14285,157926314114.85715,30103511350.933094,6
2026-06-07,113584587641,450303,6,1,0,0,0,8,0.9671232876712328,0,170104493000.0,154735388575.0,146556770125.0,158467714888.0,157414117956.7143,25513851663.546005,6
2026-06-08,87537275651,448759,0,0,1,0,0,7,0.9684931506849316,0,113584587641.0,180150727645.0,148444476759.0,152589029040.2857,155058962065.0,30725646130.844975,6
2026-06-09,142839142961,544816,1,0,0,0,0,6,0.96986301369863,0,87537275651.0,154648263120.0,160022545820.0,139358535898.2857,150708447700.14285,36311508112.73483,6
2026-06-10,195917534684,576759,2,0,0,0,0,5,0.9712328767123288,0,142839142961.0,132411258208.0,133369064859.0,137671518732.7143,149481061781.64285,35752786388.19476,6
2026-06-11,141150128904,528001,3,0,0,0,0,4,0.9726027397260274,0,195917534684.0,122607262783.0,131810914011.0,146743843943.57144,153948809626.2857,41749947799.184875,6
2026-06-12,192083508321,602593,4,0,0,0,0,3,0.973972602739726,0,141150128904.0,194616610885.0,173393789262.0,149392824818.0,154615896404.35715,40533821777.86724,6
2026-06-13,142538858907,538710,5,1,0,0,0,2,0.9753424657534246,0,192083508321.0,170104493000.0,200926086342.0,149030953023.14285,155950876337.14285,40071459545.97356,6
2026-06-14,153245085038,489967,6,1,0,0,0,1,0.9767123287671232,0,142538858907.0,113584587641.0,154735388575.0,145093005295.57144,151780360091.7857,38995368087.30972,6
2026-06-15,132194975282,444329,0,0,1,1,0,0,0.978082191780822,0,153245085038.0,87537275651.0,180150727645.0,150758790638.0,151673909839.14285,36452710346.8665,6
2026-06-16,170860557515,534673,1,0,0,0,0,14,0.9794520547945206,0,132194975282.0,142839142961.0,154648263120.0,157138462013.85715,148248498956.07144,25934386391.648567,6
2026-06-17,179635373765,468311,2,0,0,0,0,13,0.9808219178082191,0,170860557515.0,195917534684.0,132411258208.0,161141521235.85715,149406519984.2857,25518648026.789993,6
2026-06-18,193022951523,561277,3,0,0,0,0,12,0.9821917808219178,0,179635373765.0,141150128904.0,122607262783.0,158815498247.42856,152779671095.5,22368084302.25435,6
2026-06-19,161794127419,548897,4,0,0,0,0,11,0.9835616438356164,0,193022951523.0,192083508321.0,194616610885.0,166225901478.7143,157809363148.35715,24068212872.740948,6
2026-06-20,159363043546,539394,5,1,0,0,0,10,0.9849315068493152,0,161794127419.0,142538858907.0,170104493000.0,161898847064.14285,155464900043.64285,21196046076.5876,6
2026-06-21,124822077558,486254,6,1,0,0,0,9,0.9863013698630136,0,159363043546.0,153245085038.0,113584587641.0,164302302012.57144,154697653654.07144,19522718406.59396,6
2026-06-22,189308941477,588323,0,0,0,0,0,8,0.9876712328767124,0,124822077558.0,132194975282.0,87537275651.0,160241872372.57144,155500331505.2857,24521540386.735634,6
2026-06-23,134919693570,441792,1,0,0,0,0,7,0.989041095890411,0,189308941477.0,170860557515.0,142839142961.0,168401010400.42856,162769736207.14285,23094375195.55708,6
2026-06-24,134926758843,471590,2,0,0,0,0,6,0.9904109589041096,0,134919693570.0,179635373765.0,195917534684.0,163266601265.42856,162204061250.64285,26237743483.2937,6
2026-06-25,166128558953,484740,3,0,0,0,0,5,0.9917808219178084,0,134926758843.0,193022951523.0,141150128904.0,156879656276.57144,157847577262.0,27019047571.177406,6
2026-06-26,193876322394,641338,4,0,0,0,0,4,0.9931506849315068,0,166128558953.0,161794127419.0,192083508321.0,153037600195.14285,159631750836.92856,22568592611.70614,6
2026-06-27,247626937851,609158,5,1,0,0,0,3,0.9945205479452056,1,193876322394.0,159363043546.0,142538858907.0,157620770905.85715,159759808985.0,27386537204.459183,6
2026-06-28,141827132739,524373,6,1,0,0,0,2,0.995890410958904,0,247626937851.0,124822077558.0,153245085038.0,170229898663.7143,167266100338.14285,43751720680.09426,6
2026-06-29,141396870606,383435,0,0,1,0,0,1,0.9972602739726028,0,141827132739.0,189308941477.0,132194975282.0,172659192261.0,166450532316.7857,41208443709.48505,6
2026-06-30,176031430273,544878,1,0,0,1,1,0,0.9986301369863012,0,141396870606.0,134919693570.0,170860557515.0,165814610708.0,167107810554.2143,41954331376.71269,6
